Precinct,Registered
21001A102,431
21001A104,737
21001A105,583
21001B102,1139
21001B104,725
21001C102,866
21001C104,945
21001D101,630
21001D103,622
21001D104,697
21001E101,787
21001E104,1268
21001F101,1185
21001F103,758
21001G101,1040
21001G102,1071
21003A101,1565
21003A102,1217
21003B101,1145
21003B102,1049
21003B103,541
21003C101,1557
21003C102,1437
21003D101,1498
21003D102,634
21003D103,1115
21003E101,559
21003E102,1308
21003E103,672
21005A101,1134
21005A102,1464
21005B101,1096
21005B102,1901
21005C101,1236
21005C102,1579
21005D101,1151
21005D102,1609
21005E101,2064
21005E103,1043
21005F101,936
21005F102,721
21005F103,469
21005F104,1069
21007A101,399
21007A102,986
21007A103,169
21007B101,903
21007B102,215
21007C101,297
21007C102,382
21007C103,236
21007C104,433
21007D101,879
21007D102,344
21007E101,679
21007E102,415
21009A101,1188
21009A102,1141
21009A103,1456
21009A104,336
21009B101,1353
21009B102,1211
21009B103,647
21009B104,1149
21009C101,764
21009C102,1048
21009C103,1037
21009C104,1155
21009D101,1234
21009D102,1793
21009D103,1547
21009E101,1091
21009E102,863
21009E103,1122
21009E104,1362
21009F101,1174
21009F102,1568
21009F103,1829
21009G101,1846
21009G102,1081
21009G103,1181
21011A101,376
21011A102,466
21011A103,406
21011A104,298
21011A105,1228
21011B102,763
21011B103,1654
21011B104,951
21011C101,924
21011C102,986
21011C103,553
21011C104,561
21013A101,875
21013A102,698
21013A103,523
21013A104,532
21013A105,1017
21013B101,438
21013B102,386
21013B103,514
21013B104,776
21013B105,384
21013B106,107
21013B107,835
21013B108,530
21013C101,771
21013C102,678
21013C103,780
21013C104,1075
21013C105,1325
21013D101,593
21013D102,1182
21013D103,688
21013D104,565
21013D105,564
21013D106,931
21013E101,889
21013E102,444
21013E103,655
21013E104,768
21013E105,687
21013E106,744
21015A102,722
21015A103,1771
21015A104,1751
21015A105,801
21015A106,825
21015A107,775
21015A108,1836
21015A109,2026
21015A110,952
21015A111,1976
21015A112,1152
21015A113,1916
21015A114,2181
21015A115,2052
21015A116,977
21015A117,2028
21015A118,1268
21015A119,773
21015A120,2056
21015A121,2223
21015A122,1352
21015A123,1797
21015B114,1176
21015B115,924
21015B116,1136
21015B117,1858
21015B118,788
21015B119,1076
21015B120,1152
21015B121,2640
21015B122,1347
21015B123,2207
21015B124,1732
21015B125,1868
21015B126,1281
21015B127,1852
21015B128,1507
21015B129,1741
21015B130,3273
21015B131,1751
21015B132,2039
21015B133,1829
21015B134,1411
21015C102,1978
21015C110,2630
21015C117,1209
21015C121,1813
21015C123,885
21015C124,1747
21015C125,803
21015C126,953
21015C127,1375
21015C128,934
21015C129,1053
21015C130,1890
21015C131,1901
21015C132,1448
21015C133,800
21015C134,2300
21015C135,1334
21015C136,918
21015C137,1786
21017B101,1123
21017B103,807
21017C101,706
21017C102,284
21017C103,1046
21017D101,1176
21017D103,714
21017E101,982
21017E103,1022
21017F101,791
21017F102,941
21017F103,509
21017G101,1039
21017G102,1140
21017H101,1042
21017H102,1110
21019A101,1449
21019A107,1238
21019A108,1544
21019A109,1208
21019A110,1073
21019A111,762
21019A113,721
21019A114,457
21019A115,950
21019A116,707
21019A118,1252
21019A119,830
21019A121,772
21019A122,15
21019B101,1108
21019B102,1088
21019B103,973
21019B105,1036
21019B106,862
21019B107,495
21019B108,719
21019B109,1082
21019B110,967
21019B114,853
21019B115,1105
21019B116,735
21019B117,542
21019B118,654
21019B119,718
21019B121,765
21019C102,750
21019C103,680
21019C104,1041
21019C105,853
21019C106,846
21019C107,683
21019C108,831
21019C109,553
21019C110,8
21019C111,224
21019C113,1731
21019C114,988
21019C115,1224
21019C116,1008
21019C117,635
21021A101,821
21021A102,947
21021A103,519
21021A104,870
21021A105,256
21021B101,329
21021B102,813
21021B103,1386
21021B104,954
21021C101,1026
21021C102,1139
21021C103,491
21021C104,859
21021D101,1217
21021D102,1259
21021D103,1127
21021E101,836
21021E102,838
21021E103,624
21021E104,879
21021F101,859
21021F102,682
21021F103,1136
21021F104,835
21021F105,539
21023A101,864
21023B101,721
21023C101,768
21023D101,799
21023E101,712
21023F101,776
21023G101,805
21023H101,763
21025A101,204
21025A102,777
21025A103,1001
21025A104,562
21025A105,480
21025B101,421
21025B102,571
21025B103,767
21025B104,594
21025B105,570
21025C101,919
21025C102,431
21025C103,727
21025C104,521
21025C105,432
21025D101,269
21025D102,670
21025D103,657
21025D104,370
21025D105,158
21025D106,521
21027A101,1468
21027A102,908
21027B101,821
21027B102,956
21027B103,717
21027C101,1030
21027C102,1289
21027D101,1118
21027D102,941
21027D103,731
21027E101,719
21027E102,851
21027E103,692
21027F101,1681
21027F102,428
21027F103,491
21029A101,274
21029A102,1137
21029A103,1119
21029A104,709
21029A105,1608
21029A106,1925
21029A107,1783
21029A108,860
21029A110,142
21029A111,1676
21029A112,1412
21029A113,1249
21029B101,458
21029B102,1218
21029B103,1978
21029B104,1696
21029B108,2187
21029B109,1780
21029B110,1782
21029B111,1344
21029B112,699
21029B113,1307
21029B114,1253
21029C101,1083
21029C102,1213
21029C103,1369
21029C104,1006
21029C105,868
21029C106,1122
21029C107,1662
21029C108,1174
21029C109,1063
21029C110,1390
21029C111,335
21029C112,889
21029C113,663
21029D101,631
21029D102,1117
21029D103,1187
21029D104,801
21029D105,1653
21029D106,1398
21029D107,1583
21029D108,1219
21029D110,1318
21029D111,1090
21029D113,731
21029D114,584
21031A110,698
21031A111,1033
21031B106,973
21031B107,1057
21031C103,33
21031C106,1081
21031C107,821
21031D103,548
21031D105,586
21031D106,648
21031E105,985
21031E106,846
21033A101,646
21033A102,564
21033A103,1175
21033B101,959
21033B102,721
21033B103,771
21033C101,871
21033C102,590
21033C103,1018
21033D101,632
21033D102,445
21033D103,843
21033D104,783
21035A101,1351
21035A102,1086
21035A103,2068
21035A104,768
21035A105,764
21035A106,880
21035B101,1050
21035B103,955
21035B104,728
21035B105,1117
21035B107,749
21035B108,606
21035B109,1396
21035C101,1161
21035C102,1776
21035C103,801
21035C104,756
21035C105,778
21035C106,820
21035C107,495
21035C108,843
21035C109,675
21035C110,348
21035D102,983
21035D103,736
21035D104,622
21035D105,1846
21035D106,523
21035D108,1985
21037A402,1288
21037A403,1104
21037A405,985
21037A406,232
21037A408,1465
21037A409,1017
21037A410,878
21037A411,554
21037A412,984
21037A414,821
21037A415,504
21037A418,1568
21037A419,651
21037A502,1017
21037A503,362
21037A504,767
21037A601,624
21037A602,917
21037A603,535
21037A604,610
21037A605,1514
21037A701,834
21037A703,1607
21037A801,1124
21037A802,963
21037A803,1139
21037A804,1213
21037B702,1144
21037B704,1297
21037B705,754
21037B706,2221
21037B805,1534
21037B806,1630
21037B807,1027
21037B901,809
21037B902,905
21037B903,1670
21037B904,2034
21037B905,1623
21037B906,1064
21037B907,799
21037B909,1587
21037B910,407
21037B912,730
21037B913,1454
21037C101,1180
21037C102,1319
21037C103,1321
21037C201,1339
21037C202,1007
21037C203,1073
21037C204,1295
21037C301,1313
21037C302,1090
21037C303,1011
21037C304,832
21037C305,926
21037C306,871
21037C307,835
21037C308,1032
21037C309,1030
21037C310,1008
21037C311,761
21037C401,1045
21037C416,951
21037C501,794
21039A101,647
21039A102,643
21039B101,938
21039B102,420
21039C101,598
21039C102,753
21041A101,693
21041A102,967
21041A103,876
21041B101,515
21041B102,843
21041B103,651
21041B104,496
21041C101,220
21041C102,372
21041C103,765
21041C104,1419
21043A101,1080
21043A102,518
21043A103,592
21043A104,654
21043A105,1295
21043B101,1071
21043B102,562
21043B103,848
21043B104,999
21043B105,700
21043C101,1448
21043C102,228
21043C103,1048
21043C104,912
21043D101,594
21043D102,294
21043D103,613
21043D104,559
21043D105,315
21043D106,587
21043D107,742
21043E101,444
21043E102,819
21043E103,670
21043E104,1018
21043E105,1005
21045A101,862
21045A102,507
21045A103,819
21045A104,430
21045B101,712
21045B102,1442
21045B103,560
21045C101,655
21045C102,1166
21045C103,552
21045C104,542
21045D101,871
21045D102,516
21045D103,890
21045D104,281
21047A101,482
21047A102,789
21047A103,1252
21047A104,1275
21047A105,622
21047B101,1828
21047B102,1615
21047B103,991
21047B104,623
21047C101,692
21047C102,627
21047C103,700
21047C104,748
21047C105,1686
21047C106,1051
21047D101,1045
21047D102,1247
21047D103,853
21047D104,625
21047D105,428
21047D106,349
21047D107,1433
21047E101,1151
21047E102,1710
21047E103,1332
21047E104,849
21047E105,759
21047F101,299
21047F102,953
21047F103,411
21047F104,3747
21047G101,826
21047G102,4433
21047G103,718
21047G104,1582
21047G105,2801
21047G106,1007
21047H101,940
21047H102,1694
21047H103,1326
21047H104,1375
21049A101,1470
21049A102,907
21049A103,1092
21049A104,1225
21049B101,936
21049B102,1308
21049B103,798
21049B104,939
21049B105,966
21049C101,1153
21049C102,1110
21049C103,1324
21049C104,1185
21049D101,539
21049D102,2044
21049D103,1136
21049D104,1169
21049E101,642
21049E102,2249
21049E103,642
21049F101,599
21049F102,592
21049F103,1176
21049F104,602
21049F105,1148
21049F106,568
21051A101,935
21051A106,1172
21051A107,452
21051B101,956
21051B103,638
21051B104,893
21051C101,363
21051C102,637
21051C103,560
21051C104,854
21051D102,415
21051D103,1075
21051D104,856
21051E101,578
21051E102,533
21051E103,872
21051E104,271
21051F101,724
21051F102,965
21051F104,892
21053A101,653
21053A104,580
21053B101,697
21053B102,520
21053C101,569
21053C102,336
21053C103,514
21053D101,502
21053D102,691
21053E101,554
21053E102,668
21053F101,471
21053F102,703
21055A101,552
21055A102,454
21055B101,703
21055B102,474
21055C101,850
21055C102,191
21055D101,775
21055D102,250
21055E101,618
21055E102,682
21055F101,813
21055F102,295
21057A101,698
21057A102,765
21057B101,394
21057B102,347
21057B103,484
21057C101,555
21057C102,648
21057C103,213
21057D101,756
21057D102,522
21059A101,659
21059A102,790
21059A103,1238
21059A104,1188
21059A105,965
21059A106,981
21059A107,677
21059A108,461
21059A109,909
21059A110,682
21059A111,1217
21059A112,791
21059A113,563
21059A114,1101
21059A115,792
21059A116,1030
21059A118,679
21059A119,1004
21059A120,929
21059A121,705
21059A122,394
21059A123,680
21059A124,931
21059A125,569
21059A126,792
21059A127,735
21059A128,626
21059A129,595
21059A130,762
21059A131,575
21059A132,866
21059A133,606
21059A134,781
21059A135,543
21059A136,752
21059A137,737
21059A138,1153
21059A139,1012
21059A140,676
21059A141,902
21059A142,1110
21059A143,703
21059A144,721
21059A145,487
21059A146,1220
21059A147,1027
21059A148,786
21059B101,991
21059B102,1673
21059B103,727
21059B104,978
21059C101,1497
21059C102,743
21059D102,763
21059D103,531
21059E101,768
21059E102,1001
21059E103,948
21059E104,234
21059F101,1111
21059F102,1363
21059F103,989
21059F104,761
21059G101,598
21059G102,924
21059G103,730
21059G104,877
21059G105,478
21059H101,540
21059H102,1208
21059H103,1039
21059H104,873
21059H105,917
21059H106,413
21059H107,827
21059H108,503
21059H109,692
21059H110,488
21059H111,1291
21059H112,1018
21059H113,627
21059H114,541
21059H115,1727
21059H116,262
21059H117,1717
21061A101,1605
21061B101,1455
21061C101,548
21061C102,879
21061D101,1454
21061E101,1538
21061F101,1419
21063A101,738
21063B101,639
21063C101,819
21063D101,959
21063E101,650
21063F101,642
21063G101,726
21065A101,336
21065A102,507
21065A103,438
21065A104,548
21065A105,469
21065A106,877
21065B102,911
21065B103,519
21065B104,416
21065B105,1203
21065B106,472
21065C103,1074
21065C104,868
21065C105,695
21065C106,1099
21067A101,534
21067A102,721
21067A103,696
21067A104,452
21067A106,539
21067A108,333
21067A109,989
21067A111,882
21067A113,815
21067A114,762
21067A115,973
21067A116,587
21067A117,813
21067A118,756
21067A120,686
21067A121,624
21067A123,757
21067A126,663
21067A128,926
21067A130,478
21067A131,599
21067A132,901
21067A133,769
21067A134,418
21067A135,926
21067A136,767
21067A138,954
21067A139,802
21067A140,721
21067A143,761
21067A144,879
21067A145,738
21067A146,998
21067A148,1077
21067A149,600
21067A150,988
21067A151,527
21067A152,1103
21067A155,1140
21067A156,539
21067A157,858
21067A158,866
21067A161,1088
21067A162,533
21067A163,1050
21067A164,476
21067A165,404
21067A166,777
21067A167,530
21067A168,800
21067A169,849
21067A170,564
21067A171,778
21067A172,822
21067A173,1033
21067A174,490
21067A175,248
21067A176,658
21067A177,764
21067A178,367
21067A179,622
21067A180,694
21067A181,887
21067A182,776
21067A183,736
21067A184,569
21067A185,1100
21067A187,1135
21067A188,873
21067A189,504
21067A190,767
21067A191,1214
21067A192,862
21067A193,922
21067A194,668
21067A195,592
21067A196,649
21067A197,715
21067A198,631
21067A199,738
21067A200,1068
21067A201,636
21067A203,13
21067A204,535
21067B101,674
21067B102,830
21067B103,775
21067B104,696
21067B105,700
21067B106,838
21067B108,657
21067B110,668
21067B111,887
21067B112,517
21067B113,905
21067B114,602
21067B117,830
21067B118,748
21067B119,544
21067B120,386
21067B121,794
21067B123,710
21067B125,799
21067B127,960
21067B128,557
21067B129,636
21067B130,1026
21067B132,668
21067B133,875
21067B135,1107
21067B137,680
21067B138,726
21067B139,729
21067B140,813
21067B141,689
21067B142,460
21067B143,773
21067B146,978
21067B147,783
21067B150,684
21067B151,535
21067B152,837
21067B154,554
21067B155,922
21067B156,726
21067B157,695
21067B158,869
21067B159,713
21067B163,870
21067B164,530
21067B165,1140
21067B166,667
21067B167,546
21067B168,733
21067B169,482
21067B170,583
21067B172,484
21067B174,645
21067B179,956
21067B181,1148
21067B182,381
21067B183,657
21067B184,805
21067B185,945
21067B186,717
21067B187,704
21067B188,762
21067B189,881
21067B190,988
21067B191,600
21067B192,904
21067B195,1045
21067B196,757
21067B197,658
21067B198,825
21067B199,665
21067B200,588
21067B201,645
21067B202,906
21067B203,827
21067B204,472
21067B205,995
21067B206,763
21067B207,822
21067B208,618
21067B209,761
21067B210,1234
21067B211,929
21067B212,879
21067B213,504
21067B215,735
21067B216,738
21067B217,388
21067B218,755
21067B219,667
21067B221,634
21067B222,835
21067B223,767
21067B224,931
21067B225,845
21067B226,665
21067B227,711
21067B228,309
21067B229,635
21067B230,1236
21067B231,1306
21067B232,835
21067C102,407
21067C103,873
21067C105,1387
21067C109,614
21067C113,848
21067C114,708
21067C115,871
21067C118,746
21067C120,894
21067C121,662
21067C124,828
21067C125,852
21067C126,619
21067C127,795
21067C128,869
21067C129,468
21067C130,574
21067C132,861
21067C137,690
21067C138,879
21067C140,1048
21067C142,1152
21067C143,795
21067C144,1024
21067C148,703
21067C150,661
21067C151,530
21067C152,998
21067C153,731
21067C154,548
21067C155,604
21067C156,910
21067C157,928
21067C159,530
21067C160,478
21067C161,591
21067C162,971
21067C163,642
21067C164,904
21067C165,1119
21067C167,1159
21067C170,599
21067C171,685
21067C173,804
21067C174,881
21067C175,831
21067C176,759
21067C177,957
21067C178,624
21067C179,829
21067C180,941
21067C182,721
21067C183,592
21067C184,240
21067C185,255
21067C186,1032
21067C187,729
21067C188,711
21067C189,788
21067C190,1195
21067C191,947
21067C192,716
21067C193,515
21067C194,830
21067C195,750
21067C196,884
21067C197,621
21067C198,553
21067C199,543
21067C200,740
21067C201,524
21067C203,882
21067C205,816
21067C207,953
21067C208,649
21067C209,897
21067C210,825
21067C211,703
21067C212,847
21067C213,571
21067C215,608
21067C216,412
21067C217,647
21067C218,718
21067C219,632
21067C220,606
21067C221,714
21067C222,680
21067C223,882
21067C224,791
21067C225,791
21067C226,517
21067C227,916
21067C228,767
21067C229,436
21067C230,659
21067C231,722
21067C232,730
21067C233,701
21067C235,532
21067C236,495
21067C237,726
21067C238,991
21067C239,964
21069A101,647
21069A102,427
21069A103,687
21069B101,523
21069B102,944
21069B103,446
21069C101,799
21069C102,828
21069D102,976
21069D103,716
21069E101,590
21069E102,475
21069E103,434
21069E104,282
21069F102,395
21069F103,220
21069F104,671
21069F105,534
21071A101,583
21071A102,187
21071A103,764
21071A104,385
21071A105,918
21071A106,1394
21071A107,843
21071A109,1035
21071A110,607
21071A111,906
21071A113,863
21071A116,1131
21071B101,494
21071B102,954
21071B103,667
21071B104,661
21071B105,795
21071B106,1089
21071B108,613
21071B109,336
21071B112,831
21071C101,718
21071C102,625
21071C103,760
21071C104,1051
21071C105,246
21071C106,629
21071C107,619
21071C108,600
21071C109,564
21071C110,488
21071C111,440
21071D101,632
21071D102,932
21071D103,719
21071D104,860
21071D105,545
21071D106,949
21071D107,1034
21071D108,1115
21071D109,433
21071D110,399
21073A101,1095
21073A102,608
21073A103,570
21073A104,688
21073A105,658
21073A106,907
21073A107,628
21073A108,1042
21073B101,1121
21073B102,877
21073B103,596
21073B105,560
21073B106,1889
21073B108,870
21073B109,386
21073C101,508
21073C102,742
21073C105,456
21073C106,542
21073C107,1072
21073C108,1118
21073C109,1083
21073C110,703
21073D101,573
21073D102,1005
21073D103,473
21073D104,543
21073D105,546
21073D106,530
21073D107,411
21073D108,495
21073D109,1087
21073E101,1119
21073E102,1703
21073E108,919
21073E109,970
21073E110,849
21073F101,681
21073F102,437
21073F103,813
21073F104,993
21073F105,1238
21073F106,654
21073F108,1178
21075A101,666
21075A102,594
21075A103,307
21075B101,477
21075B102,659
21075B104,401
21075C102,572
21075C103,615
21075D101,576
21075D102,196
21075D103,354
21077A101,846
21077A102,782
21077B101,726
21077B102,820
21077C101,661
21077C102,838
21077D101,766
21077D102,848
21079A101,464
21079A103,1025
21079A104,1173
21079B101,901
21079B102,1054
21079B103,503
21079C102,1399
21079C103,1215
21079D101,845
21079D102,384
21079D103,764
21079D104,707
21079E101,1131
21079E103,1215
21081A101,948
21081A102,523
21081A103,1065
21081A104,645
21081A105,1089
21081A106,765
21081A107,844
21081B101,1077
21081B102,299
21081B103,489
21081B104,1034
21081B105,841
21081B106,587
21081B107,860
21081B108,652
21081C101,763
21081C102,859
21081C103,1078
21081C104,723
21081C106,521
21081C107,1153
21081C108,637
21083A101,584
21083A102,555
21083A103,623
21083A104,373
21083A105,803
21083A106,773
21083A107,960
21083A108,654
21083A109,1384
21083A110,774
21083A111,1327
21083B101,412
21083B102,585
21083B103,791
21083B104,577
21083B105,1037
21083B106,421
21083B107,636
21083B108,941
21083B109,769
21083B110,1120
21083B111,1185
21083C101,996
21083C102,995
21083C104,1461
21083C106,642
21083C107,569
21083C108,959
21083C109,1006
21083C110,1272
21085A102,720
21085A103,1588
21085A104,303
21085B101,1070
21085B102,392
21085B103,382
21085B104,293
21085B105,1004
21085C101,423
21085C102,1141
21085C103,1713
21085D101,1198
21085D102,1126
21085D103,543
21085E101,683
21085E102,1408
21085E103,337
21085E104,571
21085F101,1038
21085F103,1252
21085F105,412
21085F106,449
21087A101,1069
21087A102,553
21087A103,1040
21087A104,891
21087B101,911
21087B102,1130
21087C101,801
21087C102,722
21087D101,699
21087D102,874
21089A101,1096
21089A102,1101
21089A103,1231
21089A104,873
21089A105,788
21089A106,676
21089A107,680
21089A108,677
21089A109,1526
21089A110,1413
21089B101,830
21089B102,1059
21089B103,1124
21089B104,732
21089B105,1147
21089B107,895
21089B108,1431
21089B110,699
21089B111,1480
21089C101,825
21089C102,1071
21089C103,756
21089C104,1155
21089C105,1137
21089C106,1012
21089C107,884
21089C108,871
21089C109,768
21089C110,873
21091A101,591
21091A102,974
21091B101,474
21091B102,662
21091B103,500
21091C101,994
21091C102,745
21091D101,562
21091D102,647
21091D103,506
21093A001,658
21093A002,1562
21093A003,1131
21093A004,1291
21093A005,1450
21093A006,1390
21093A007,310
21093A008,1535
21093A009,1898
21093A010,299
21093B001,1242
21093B002,2066
21093B003,1953
21093B004,1671
21093B005,1054
21093B006,1355
21093C001,1012
21093C002,1824
21093C003,1431
21093C004,1890
21093C005,1001
21093C006,1580
21093C007,1291
21093D001,1194
21093D002,1908
21093D003,1327
21093D004,2487
21093D005,2200
21093D006,1105
21093E001,908
21093E002,825
21093E003,1889
21093E004,2233
21093E005,1432
21093E006,793
21093F001,1380
21093F002,1289
21093F003,1847
21093F004,1521
21093F005,1256
21093F006,1149
21093F007,779
21093F008,118
21093G001,808
21093G002,826
21093G003,909
21093G004,642
21093G005,138
21093G006,1619
21093G007,952
21093G008,1649
21093G009,1321
21093H001,1604
21093H002,316
21093H003,118
21093H004,1488
21093H005,2171
21093H006,1475
21093H007,1869
21093H008,1157
21095A101,1379
21095A108,1420
21095A110,460
21095A111,299
21095A112,729
21095B102,663
21095B103,660
21095B104,571
21095B105,615
21095B106,702
21095B107,445
21095B109,586
21095C101,418
21095C102,295
21095C103,294
21095C104,720
21095C106,290
21095C107,604
21095C109,555
21095C111,616
21095D101,1242
21095D103,314
21095D104,678
21095D106,1027
21095D108,311
21095D109,388
21095E102,1207
21095E104,700
21095E105,552
21095E106,756
21095E107,596
21095E108,413
21097A101,760
21097A102,625
21097A103,285
21097B101,842
21097B102,695
21097B103,202
21097C101,826
21097C102,826
21097D101,631
21097D102,976
21097D103,211
21097E101,847
21097E102,822
21097F101,837
21097F102,812
21097G101,891
21097G102,721
21097H101,881
21097H102,705
21099A101,455
21099A102,966
21099A103,286
21099A104,922
21099B102,879
21099B103,889
21099B104,876
21099C101,909
21099C102,1130
21099C103,497
21099C104,301
21099D101,603
21099D102,392
21099D103,493
21099D104,1102
21099D105,259
21099E102,400
21099E103,1017
21099E104,733
21101A101,682
21101A102,595
21101A108,1076
21101A110,951
21101A111,697
21101A112,675
21101A114,1258
21101A116,849
21101B101,736
21101B102,390
21101B103,801
21101B104,722
21101B105,675
21101B106,903
21101B108,638
21101B109,251
21101B110,884
21101B111,896
21101B112,434
21101C101,744
21101C102,457
21101C103,559
21101C104,872
21101C105,500
21101C106,438
21101C107,960
21101C109,788
21101C110,396
21101C111,787
21101D101,697
21101D102,591
21101D103,881
21101D104,939
21101D106,1058
21101D109,923
21101D111,1119
21101E105,1411
21101E106,666
21101E107,751
21101E108,899
21101E109,629
21101E110,462
21101E111,660
21101E112,788
21101E113,1055
21103A101,851
21103A102,826
21103A103,316
21103B101,1070
21103B102,407
21103B103,702
21103C101,1157
21103C102,477
21103C103,332
21103D101,1358
21103D102,546
21103E101,132
21103E102,299
21103E103,411
21103E104,325
21103E105,255
21103E106,535
21103F101,526
21103F102,333
21103F103,927
21105A101,376
21105A102,686
21105B101,709
21105B102,660
21105C101,514
21105C102,773
21107A001,538
21107A002,583
21107A003,1313
21107A004,189
21107A005,492
21107A006,608
21107A007,813
21107B008,751
21107B009,737
21107B010,446
21107B011,733
21107B012,513
21107B013,318
21107B014,711
21107B015,544
21107C016,783
21107C017,712
21107C018,883
21107C019,722
21107C020,673
21107C021,930
21107C022,582
21107D023,1117
21107D024,873
21107D025,851
21107D026,372
21107D027,1312
21107D028,913
21107D029,286
21107E030,633
21107E031,670
21107E032,447
21107E033,888
21107E034,1047
21107E035,637
21107E036,404
21107F037,276
21107F038,1174
21107F039,613
21107F040,751
21107F041,341
21107F042,578
21107F043,807
21107G044,585
21107G045,786
21107G046,598
21107G047,616
21107G048,670
21107G049,711
21107G050,543
21109A101,745
21109A102,822
21109A103,863
21109A104,270
21109A105,299
21109A106,368
21109B101,1238
21109B102,1407
21109B103,1068
21109B104,591
21109C101,777
21109C102,583
21109C103,447
21109C104,426
21111A105,1864
21111A107,905
21111A108,1548
21111A111,1240
21111A113,1267
21111A114,1155
21111A115,1247
21111A118,752
21111A119,1087
21111A121,1487
21111A123,1548
21111A124,1149
21111A125,1129
21111A126,1189
21111A127,955
21111A128,1142
21111A129,1461
21111A130,771
21111A131,1244
21111A134,1137
21111A135,1103
21111A136,682
21111A139,996
21111A140,1655
21111A141,66
21111A142,378
21111A143,15
21111B124,1054
21111B132,1120
21111B133,1427
21111B134,2006
21111B149,963
21111B151,1505
21111B153,82
21111B154,1278
21111B155,965
21111B156,1478
21111B157,2032
21111B158,1413
21111B159,2118
21111B160,784
21111B161,134
21111B162,1470
21111B163,1517
21111B166,913
21111B168,1329
21111B169,1026
21111B170,895
21111B172,1835
21111B173,1255
21111B175,1210
21111B177,1206
21111B181,164
21111B182,726
21111B183,1893
21111B184,26
21111B185,539
21111C101,1143
21111C102,718
21111C103,1156
21111C104,925
21111C105,586
21111C106,1868
21111C108,1356
21111C109,611
21111C110,901
21111C111,1487
21111C113,530
21111C115,1622
21111C122,866
21111C123,636
21111C124,1280
21111C125,1073
21111C126,1412
21111C128,223
21111C129,1499
21111C130,94
21111C131,587
21111C133,1347
21111C134,1038
21111C135,1009
21111C136,670
21111C137,922
21111C138,609
21111C139,39
21111C141,809
21111C142,799
21111C143,215
21111C144,108
21111C145,267
21111C146,1
21111C147,3
21111C148,47
21111C149,15
21111C150,11
21111C151,31
21111D101,894
21111D104,887
21111D106,974
21111D108,1207
21111D109,540
21111D110,944
21111D113,845
21111D114,1009
21111D115,1612
21111D116,1512
21111D117,988
21111D120,1929
21111D121,913
21111D122,1204
21111D126,1765
21111D129,677
21111D130,1006
21111D131,663
21111D132,1853
21111D135,1031
21111D136,1475
21111D137,872
21111D138,1849
21111D139,1605
21111D140,1349
21111D141,920
21111D142,1083
21111D144,599
21111D145,428
21111E139,1532
21111E141,508
21111E142,943
21111E143,1016
21111E144,1294
21111E145,1244
21111E148,1269
21111E152,1188
21111E154,940
21111E155,1197
21111E157,311
21111E158,640
21111E159,536
21111E160,907
21111E161,513
21111E162,671
21111E163,1212
21111E164,1050
21111E165,1710
21111E166,695
21111E167,1550
21111E168,741
21111E169,1458
21111E171,738
21111E173,931
21111E175,789
21111E176,737
21111E177,380
21111E178,937
21111E179,949
21111E180,1149
21111E181,1254
21111E182,1954
21111E183,961
21111E184,908
21111E185,645
21111F106,987
21111F145,1741
21111F151,1594
21111F152,1412
21111F153,1374
21111F154,1079
21111F155,588
21111F156,1500
21111F158,421
21111F161,805
21111F163,991
21111F164,1e3
21111F166,859
21111F167,985
21111F169,544
21111F170,860
21111F171,955
21111F172,915
21111F176,897
21111F179,1190
21111F180,1942
21111F181,1663
21111F182,1737
21111F183,565
21111F184,1106
21111F185,1355
21111F186,1720
21111F187,972
21111G103,896
21111G104,788
21111G106,861
21111G107,937
21111G108,626
21111G109,1354
21111G111,883
21111G112,1615
21111G116,1202
21111G117,1561
21111G119,667
21111G120,795
21111G121,737
21111G122,623
21111G123,311
21111G124,1289
21111G126,741
21111G129,250
21111G140,845
21111G141,924
21111G142,307
21111G143,1380
21111G144,1112
21111G145,1489
21111G146,1166
21111G147,971
21111G148,484
21111G149,520
21111G150,806
21111G151,627
21111G154,974
21111G155,1203
21111G156,1055
21111G157,1226
21111G158,1132
21111G160,560
21111G161,649
21111G162,170
21111G163,794
21111G164,1670
21111G165,531
21111G166,214
21111G167,610
21111G168,125
21111G169,523
21111H102,1062
21111H103,1250
21111H105,986
21111H106,913
21111H109,528
21111H110,961
21111H111,680
21111H112,964
21111H113,481
21111H114,30
21111H115,547
21111H116,843
21111H117,1303
21111H118,1081
21111H120,1463
21111H121,602
21111H123,418
21111H124,383
21111H125,617
21111H126,685
21111H127,616
21111H131,579
21111H132,384
21111H133,146
21111H138,2045
21111H141,1053
21111H144,1436
21111H145,843
21111H146,1283
21111H147,864
21111H148,1242
21111H150,4
21111H151,2
21111H152,197
21111H154,422
21111H155,400
21111H157,46
21111H159,322
21111H160,1368
21111H161,4
21111H162,898
21111I107,1293
21111I109,748
21111I110,327
21111I111,1525
21111I112,1307
21111I115,1041
21111I120,596
21111I122,525
21111I123,1636
21111I124,947
21111I125,628
21111I126,1148
21111I130,802
21111I133,1714
21111I135,582
21111I138,19
21111I140,173
21111I141,1298
21111I142,4
21111I143,143
21111I144,109
21111I145,448
21111I146,1078
21111I147,59
21111I148,414
21111I150,247
21111I151,1229
21111I152,1465
21111I153,1972
21111I154,1569
21111I155,73
21111I156,490
21111J101,1241
21111J104,1570
21111J105,597
21111J107,1128
21111J108,1386
21111J111,1040
21111J113,1261
21111J114,1535
21111J117,738
21111J119,816
21111J120,1213
21111J122,1077
21111J123,659
21111J130,495
21111J135,1146
21111J137,1050
21111J138,406
21111J140,420
21111J141,910
21111J142,7
21111J143,129
21111J144,860
21111J145,1089
21111J147,1290
21111J148,1126
21111J149,1151
21111J150,658
21111J151,30
21111J152,949
21111J153,435
21111J155,365
21111K104,849
21111K105,1838
21111K110,775
21111K111,643
21111K112,752
21111K113,434
21111K114,1129
21111K116,177
21111K117,1158
21111K118,901
21111K119,861
21111K122,1238
21111K123,1447
21111K125,489
21111K126,602
21111K127,1356
21111K128,981
21111K129,965
21111K130,698
21111K131,927
21111K132,482
21111K133,938
21111K134,693
21111K135,38
21111K136,236
21111K137,562
21111K138,229
21111K140,473
21111K141,295
21111K144,769
21111K145,1372
21111K146,1435
21111K147,1850
21111K148,790
21111K149,5
21111L104,1195
21111L108,817
21111L110,56
21111L111,695
21111L112,795
21111L113,1453
21111L115,176
21111L117,1378
21111L118,1525
21111L119,1595
21111L134,870
21111L135,784
21111L136,1007
21111L138,690
21111L139,1638
21111L140,568
21111L141,1199
21111L142,859
21111L143,554
21111L144,493
21111L145,1110
21111L146,1075
21111L147,1060
21111L148,524
21111L149,67
21111L150,124
21111L151,816
21111L152,432
21111L153,105
21111L154,752
21111L155,13
21111L156,1489
21111L157,936
21111L158,668
21111L159,297
21111L160,624
21111L161,1037
21111L162,17
21111L163,572
21111L164,577
21111M102,1486
21111M103,1702
21111M104,818
21111M105,729
21111M107,532
21111M110,1128
21111M121,1304
21111M123,1858
21111M124,1416
21111M129,702
21111M130,697
21111M131,719
21111M133,1250
21111M137,817
21111M138,1453
21111M139,1032
21111M140,428
21111M141,541
21111M142,1703
21111M143,749
21111M144,425
21111M145,52
21111M146,1225
21111M147,720
21111M148,728
21111M149,1004
21111M150,542
21111M159,145
21111M160,212
21111M162,479
21111M163,464
21111M164,52
21111M166,1251
21111M168,316
21111M169,754
21111M170,1157
21111M171,1065
21111M172,329
21111M173,915
21111M174,1
21111N101,1227
21111N102,1563
21111N103,1101
21111N104,1359
21111N105,1181
21111N106,1308
21111N107,1261
21111N108,1449
21111N109,1077
21111N110,644
21111N111,564
21111N112,645
21111N113,552
21111N115,1185
21111N117,1604
21111N124,16
21111N125,993
21111N126,735
21111N127,173
21111N128,759
21111N130,1544
21111N131,1030
21111N134,1664
21111N135,191
21111N136,1060
21111N137,227
21111N138,63
21111N139,120
21111N141,622
21111N142,1178
21111N143,1209
21111N144,767
21111N145,1080
21111N146,796
21111N147,293
21111N148,631
21111N149,172
21111N150,24
21111O105,1486
21111O107,1616
21111O109,1352
21111O111,1092
21111O112,1071
21111O113,984
21111O114,933
21111O115,1340
21111O117,985
21111O119,1090
21111O121,940
21111O123,716
21111O124,886
21111O126,1059
21111O127,1321
21111O128,1203
21111O129,1695
21111O130,1078
21111O131,954
21111O133,1337
21111O134,1400
21111O135,1128
21111O136,1030
21111O137,1371
21111O138,464
21111O139,65
21111O142,882
21111O143,36
21111Q101,1547
21111Q103,1478
21111Q104,711
21111Q105,1784
21111Q107,1357
21111Q109,1550
21111Q112,1271
21111Q113,586
21111Q114,1260
21111Q115,1293
21111Q116,1312
21111Q117,1085
21111Q119,1383
21111Q122,1005
21111Q123,1462
21111Q124,1074
21111Q125,1868
21111Q126,638
21111Q127,808
21111Q131,615
21111Q132,1006
21111Q134,844
21111Q136,583
21111Q137,1342
21111Q138,1027
21111Q139,510
21111S116,991
21111S118,1214
21111S119,1356
21111S125,1671
21111S126,1237
21111S128,941
21111S129,1233
21111S130,1083
21111S131,1432
21111S132,1602
21111S135,1652
21111S139,2092
21111S140,1098
21111S141,1769
21111S142,898
21111S143,1216
21111S144,933
21111S146,1006
21111S150,1118
21111S152,831
21111S153,1471
21111S156,772
21111S160,2193
21111S161,796
21111S164,1169
21111S165,814
21111S166,1032
21111S167,854
21111S168,727
21111V101,1174
21111V102,1673
21111V103,694
21111V104,1707
21111V105,1533
21111V106,1123
21111V107,759
21111V108,1731
21111V109,117
21111V110,1911
21111V111,1079
21111V112,30
21111V113,2407
21111V114,1436
21111V115,1242
21111V116,1309
21111V117,1180
21111V118,1224
21111V119,1810
21111V120,1456
21111V121,1332
21111V123,3
21111V124,819
21111V125,1058
21111V126,1934
21111V127,2273
21111V128,1458
21111V129,1816
21111V130,413
21111V131,1362
21111V132,730
21113A101,701
21113A102,705
21113A103,1446
21113A104,849
21113A105,958
21113A106,1222
21113A107,709
21113B101,1162
21113B102,1336
21113B103,1077
21113B104,1328
21113B105,1437
21113C101,864
21113C102,799
21113C103,1530
21113C104,1454
21113C105,1553
21113D101,301
21113D102,953
21113D103,903
21113D104,1594
21113D105,1378
21113D106,1117
21113D107,429
21113E101,367
21113E102,1300
21113E103,853
21113E104,968
21113E105,785
21113E106,1384
21113E107,1027
21113F101,763
21113F102,987
21113F103,1518
21113F104,949
21113F105,1363
21115A101,619
21115A102,459
21115A103,372
21115A104,567
21115A105,1150
21115A106,1001
21115A107,688
21115A108,794
21115A109,276
21115A110,362
21115B101,515
21115B102,553
21115B103,611
21115B104,697
21115B105,576
21115B106,565
21115B107,768
21115B108,148
21115B109,571
21115B110,811
21115C101,523
21115C102,514
21115C103,991
21115C104,297
21115C105,370
21115C106,368
21115C107,837
21115C108,350
21115C109,472
21115C110,545
21115C111,453
21117A101,1219
21117A102,1057
21117A103,1339
21117A104,907
21117A105,684
21117A106,1731
21117A107,1349
21117A108,1526
21117A109,1101
21117A110,842
21117A111,1177
21117A112,955
21117A113,689
21117A114,847
21117A115,675
21117A116,741
21117A117,1233
21117A118,836
21117A119,787
21117A120,880
21117A121,1220
21117A122,1101
21117A123,806
21117A124,1149
21117A125,529
21117A126,2141
21117A128,1249
21117A130,1014
21117A131,2400
21117A132,993
21117A133,1530
21117A135,1216
21117A136,1123
21117A137,1767
21117A138,1638
21117B101,1113
21117B105,847
21117B106,977
21117B107,644
21117B108,1476
21117B109,1087
21117B110,1171
21117B111,869
21117B112,1098
21117B115,2427
21117B116,1660
21117B117,1221
21117B118,2090
21117B119,446
21117B120,1284
21117B121,1331
21117B122,2164
21117B123,864
21117B125,1398
21117B129,819
21117B130,1066
21117B131,1037
21117B132,2441
21117B133,1481
21117B134,1076
21117B135,1224
21117B136,1990
21117B137,1582
21117B138,1600
21117B139,7
21117B140,1460
21117B141,2331
21117B142,17
21117C101,967
21117C102,1209
21117C103,793
21117C104,1568
21117C105,1075
21117C106,1152
21117C107,1538
21117C108,587
21117C109,672
21117C110,1193
21117C111,1157
21117C112,889
21117C113,909
21117C114,1023
21117C115,1159
21117C116,1147
21117C117,1080
21117C118,1178
21117C119,851
21117C121,1322
21117C122,1628
21117C124,1649
21117C125,1852
21117C127,1130
21117C128,1312
21117C130,1334
21117C131,1250
21117C133,934
21117C134,1130
21117C135,1987
21117C136,1722
21117C137,809
21117C138,1221
21117C139,975
21117C140,1229
21117C141,725
21119A101,711
21119A103,452
21119A104,867
21119A105,431
21119A106,374
21119A108,351
21119B101,713
21119B102,582
21119B103,363
21119B104,276
21119B105,267
21119B106,167
21119B107,526
21119C101,303
21119C102,503
21119C103,55
21119C104,83
21119C105,208
21119C106,54
21119C107,286
21119C108,433
21119C109,200
21119C110,217
21119C111,122
21119C112,366
21119D102,161
21119D103,572
21119D104,425
21119D105,705
21119D107,489
21121A101,513
21121A102,630
21121A103,775
21121A104,1185
21121A105,1418
21121A106,1061
21121B101,356
21121B102,359
21121B103,265
21121B104,471
21121B105,714
21121B106,663
21121B107,574
21121B108,884
21121C101,530
21121C102,750
21121C103,1773
21121C104,859
21121C105,379
21121D101,717
21121D102,543
21121D103,653
21121D104,1130
21121D105,1418
21121E101,286
21121E102,331
21121E103,752
21121E104,1168
21121E105,1760
21121E106,1087
21123A101,1481
21123A103,1249
21123B101,1141
21123B102,709
21123B103,542
21123C101,1552
21123C102,699
21123C103,405
21123D101,887
21123D102,923
21123D103,444
21123D104,340
21125A101,1015
21125A102,907
21125A103,1293
21125A104,882
21125A105,1038
21125A106,1149
21125A107,964
21125A108,976
21125B101,1172
21125B102,1204
21125B103,1826
21125B104,618
21125B105,1409
21125B106,936
21125C101,386
21125C102,680
21125C103,587
21125C104,1196
21125C105,663
21125C106,698
21125C108,865
21125C109,1336
21125C110,1200
21125D101,1329
21125D102,1287
21125D103,618
21125D104,682
21125D105,930
21125D106,1e3
21125D107,1033
21125D108,768
21125E101,1088
21125E103,1047
21125E104,1105
21125E105,927
21125E106,1296
21125E107,693
21125E108,704
21125F101,1267
21125F102,1332
21125F103,301
21125F104,1407
21125F105,1753
21125F106,627
21125F107,1133
21127A101,513
21127A102,1607
21127A103,461
21127A104,483
21127B101,660
21127B102,858
21127B103,1604
21127C101,321
21127C102,536
21127C103,439
21127C104,1122
21127C105,401
21127D101,557
21127D102,511
21127D103,506
21127D104,607
21127D105,744
21127D106,396
21129A101,424
21129A102,474
21129A103,540
21129B101,570
21129B102,551
21129C101,432
21129C102,406
21129C103,589
21129D101,483
21129D102,814
21131A101,327
21131A102,802
21131A103,82
21131A104,700
21131A105,236
21131B101,819
21131B102,466
21131B103,357
21131B104,346
21131C101,843
21131C102,537
21131C103,897
21131D101,497
21131D102,409
21131D103,379
21131D104,663
21131D105,149
21133A101,676
21133A102,686
21133A103,815
21133A104,267
21133A105,210
21133A106,570
21133A107,293
21133A108,413
21133B101,1196
21133B102,963
21133B103,653
21133C101,427
21133C102,388
21133C103,885
21133C104,446
21133C105,463
21133C106,364
21133C107,684
21133D102,755
21133D103,425
21133D104,469
21133D105,536
21133D106,346
21133D107,581
21133E101,609
21133E102,298
21133E103,742
21133E104,332
21133E105,597
21133E106,201
21135A101,1629
21135A102,584
21135A104,423
21135B101,525
21135B102,308
21135B103,763
21135B105,901
21135C101,570
21135C102,860
21135C103,813
21135C105,353
21135D101,872
21135D102,633
21135D103,905
21137A101,1258
21137A102,1820
21137A103,1112
21137A104,488
21137B101,970
21137B102,929
21137B103,790
21137B104,1458
21137C101,1239
21137C102,830
21137C103,751
21137C104,1704
21137D101,742
21137D102,688
21137D103,1993
21137D105,587
21137D106,546
21139A101,1693
21139B101,440
21139B102,899
21139B103,866
21139C101,242
21139C102,1026
21139C103,262
21139D101,747
21139D102,678
21139D103,656
21141A101,643
21141A104,1545
21141A105,759
21141B101,692
21141B102,825
21141B103,702
21141B104,601
21141C101,897
21141C102,608
21141C103,712
21141C104,593
21141D101,904
21141D102,1273
21141D103,618
21141E101,499
21141E102,1420
21141E103,1085
21141F101,760
21141F102,1311
21141F103,919
21143A101,997
21143A102,1137
21143B101,1047
21143B102,991
21143C101,1021
21143C102,1116
21145A102,699
21145A104,655
21145A106,826
21145A110,1069
21145A112,1438
21145A113,1890
21145A114,922
21145A115,1085
21145A116,1877
21145A117,143
21145A118,1680
21145A119,494
21145A120,811
21145A121,544
21145A122,1352
21145A124,888
21145A133,621
21145B103,763
21145B113,1337
21145B114,694
21145B116,978
21145B117,1201
21145B118,770
21145B119,570
21145B120,1095
21145B121,893
21145B122,565
21145B123,1069
21145B124,962
21145B125,1246
21145B126,1018
21145B127,824
21145B129,119
21145B131,1104
21145B132,681
21145B134,1070
21145B135,941
21145C102,1069
21145C106,310
21145C107,1259
21145C108,1737
21145C109,1612
21145C110,1995
21145C112,1420
21145C113,1206
21145C114,765
21145C115,437
21145C119,546
21145C120,1093
21145C121,647
21145C122,730
21145C123,1297
21145C125,804
21145C128,855
21147A101,876
21147A102,958
21147A104,655
21147A105,239
21147B101,1923
21147B102,559
21147B104,432
21147D101,1084
21147D103,379
21147D104,570
21147D105,411
21147D106,255
21147F103,422
21147F104,1032
21147F105,490
21147F106,235
21147F108,441
21147F109,152
21149A101,480
21149A102,1100
21149B101,1013
21149B102,795
21149C101,885
21149C102,891
21149D101,997
21149D102,802
21151A101,1253
21151A102,1435
21151A103,1743
21151A104,1909
21151A105,1328
21151A106,2386
21151A107,1381
21151A108,1315
21151A109,2105
21151A110,844
21151B101,2113
21151B102,941
21151B103,1515
21151B104,1176
21151B105,2263
21151B106,640
21151B107,2401
21151B108,848
21151B109,1531
21151B110,2653
21151C101,7
21151C102,504
21151C103,1391
21151C104,600
21151C105,1006
21151C106,1141
21151C107,1907
21151C108,454
21151C109,1524
21151C110,2223
21151C112,1926
21151C113,1186
21151C114,794
21151D101,629
21151D102,949
21151D103,1417
21151D104,183
21151D105,1543
21151D106,3012
21151D107,19
21151D109,2048
21151D110,1386
21151D111,1411
21151D112,1388
21151D113,889
21153A101,970
21153A102,908
21153A103,533
21153A104,1086
21153B101,1045
21153B102,818
21153B103,354
21153B104,584
21153B105,467
21153C101,609
21153C102,568
21153C103,627
21153C104,704
21153C105,801
21155A101,701
21155A102,613
21155A103,656
21155A104,700
21155C102,1595
21155C103,545
21155C105,378
21155D102,1061
21155D103,824
21155D104,707
21155E101,578
21155E102,898
21155E103,1066
21155H101,955
21155H102,617
21155H103,437
21155H104,639
21157A101,1061
21157A102,1339
21157A103,1233
21157A104,820
21157A105,977
21157A106,628
21157A107,1591
21157A108,816
21157B101,746
21157B102,1417
21157B103,627
21157B104,820
21157B105,1086
21157B106,1227
21157B107,1133
21157B108,764
21157B109,855
21157C101,1223
21157C102,639
21157C103,1147
21157C104,1756
21157C105,1220
21157C106,750
21157C107,464
21157C108,915
21159A101,837
21159A102,305
21159A103,509
21159B101,340
21159B102,654
21159B103,629
21159C101,1131
21159C102,738
21159D101,473
21159D102,508
21159D103,473
21159D104,170
21159E101,538
21159E102,993
21161A101,649
21161A102,305
21161A103,1252
21161A104,995
21161A105,689
21161B102,356
21161B103,305
21161B104,592
21161B105,357
21161B106,750
21161B107,1209
21161B108,1366
21161C102,1465
21161C103,797
21161C104,632
21161C105,1133
21163A101,1200
21163A102,1399
21163B101,1462
21163B102,1531
21163B103,892
21163C101,1144
21163C102,1199
21163C103,1135
21163D101,1193
21163D102,1117
21163D103,1203
21163E101,1160
21163E102,1085
21163E103,1276
21163F101,763
21163F102,558
21163F103,938
21163F104,623
21163F105,817
21165A101,543
21165A102,479
21165B101,1294
21165C101,968
21165D101,1197
21165E101,810
21167A101,1603
21167A102,352
21167A103,858
21167A104,269
21167C101,452
21167C102,1083
21167C104,879
21167C105,320
21167D101,1263
21167D102,1132
21167D103,789
21167E101,1759
21167E102,1084
21167F101,1293
21167F102,1342
21167G101,1497
21167G102,1344
21169A101,1262
21169A102,1009
21169A103,1126
21169A104,420
21169B101,527
21169B102,162
21169B103,449
21169B104,509
21169C101,757
21169C102,368
21169D101,708
21169D102,369
21171A101,357
21171A102,1122
21171A103,231
21171B101,926
21171B102,710
21171C101,730
21171C102,383
21171C103,774
21171D101,702
21171D102,982
21171E101,805
21171E102,858
21173A101,526
21173A102,758
21173A103,968
21173A104,1002
21173A105,425
21173A106,1520
21173B101,1221
21173B102,1526
21173B103,1217
21173B104,1121
21173B105,1136
21173B107,1401
21173B108,1220
21173C101,784
21173C102,1513
21173C103,1638
21173C104,1285
21173C105,847
21175A101,679
21175A102,686
21175A103,502
21175B101,1010
21175B102,598
21175C101,1287
21175C102,752
21175D101,660
21175D102,1058
21175E101,965
21175E102,435
21175E103,480
21177A101,354
21177A102,746
21177A103,427
21177A104,622
21177A106,639
21177A107,675
21177B101,817
21177B102,895
21177B103,820
21177B104,1452
21177B105,516
21177C101,1366
21177C103,810
21177C104,1648
21177C106,1240
21177D101,1518
21177D102,830
21177D103,1583
21177D104,787
21177E101,557
21177E102,539
21177E103,1393
21177E104,1049
21177E105,978
21177E107,358
21179A101,165
21179A102,1938
21179A103,1315
21179A104,1265
21179A105,1686
21179B101,1784
21179B102,1133
21179B103,1676
21179B104,1695
21179C101,1109
21179C102,1341
21179C103,1373
21179C104,1062
21179C105,1281
21179D101,1012
21179D102,1871
21179D103,1484
21179D104,1131
21179D105,1550
21179E101,875
21179E102,1861
21179E103,1275
21179E104,1036
21179E105,1498
21181A101,968
21181B101,1118
21181C101,1080
21181D101,1160
21181E101,1066
21183A101,1075
21183A102,917
21183A104,510
21183A105,1022
21183B101,1039
21183B102,1694
21183B103,632
21183C101,538
21183C102,955
21183C103,1226
21183C104,1067
21183D101,1066
21183D102,1074
21183D104,696
21183D106,455
21183E101,1246
21183E102,870
21183E103,809
21183E105,440
21185A101,2123
21185A103,2020
21185A104,1895
21185B101,731
21185B102,1743
21185B104,888
21185B105,1985
21185B106,1139
21185C101,951
21185C102,1521
21185C103,1297
21185C105,1044
21185C106,1006
21185D101,1798
21185D103,1447
21185D104,859
21185D106,1733
21185E101,1321
21185E102,2018
21185E103,1026
21185E104,562
21185E105,1091
21185E106,340
21185F101,881
21185F102,1322
21185F103,1210
21185F104,882
21185F105,1861
21185F106,262
21185G101,1726
21185G102,2108
21185G103,1661
21185G105,453
21185H101,1993
21185H103,1364
21185H104,1139
21185H105,800
21185H106,723
21187A101,349
21187A103,578
21187A104,207
21187A105,731
21187B102,1024
21187B103,1083
21187C101,713
21187C103,609
21187C104,667
21187D101,729
21187D102,639
21187D103,630
21189A101,445
21189A102,602
21189A103,310
21189B101,205
21189B102,504
21189C101,536
21189C102,578
21189C103,399
21191A101,535
21191A102,1084
21191A103,758
21191B101,985
21191B102,983
21191B103,829
21191C101,831
21191C102,990
21191C103,564
21191D101,1151
21191D102,623
21191D103,909
21193A101,684
21193A102,510
21193A103,655
21193A104,307
21193A105,690
21193A107,508
21193A108,233
21193A109,774
21193A110,550
21193A111,234
21193A112,669
21193A113,642
21193A114,1039
21193B101,645
21193B102,632
21193B103,532
21193B104,384
21193B105,747
21193B106,704
21193B107,395
21193B108,368
21193B109,538
21193B110,610
21193B111,390
21193B112,327
21193B113,389
21193C102,648
21193C103,527
21193C104,747
21193C105,579
21193C106,713
21193C107,741
21193C108,401
21193C109,550
21193C110,642
21193C111,363
21193C114,705
21195A101,631
21195A102,860
21195A103,1033
21195A104,1449
21195A105,893
21195A106,1073
21195A107,962
21195A108,1399
21195A109,552
21195A110,791
21195B101,1250
21195B102,1673
21195B103,1384
21195B104,814
21195B105,1261
21195B106,962
21195B107,1007
21195C101,659
21195C102,443
21195C103,992
21195C104,441
21195C105,784
21195C106,407
21195C107,318
21195C108,806
21195C109,632
21195C110,350
21195C111,1186
21195C112,321
21195D101,1371
21195D102,911
21195D103,960
21195D104,433
21195D105,551
21195D106,657
21195D107,313
21195D108,579
21195D109,269
21195D110,435
21195D111,1208
21195E101,889
21195E102,734
21195E103,1409
21195E104,761
21195E105,1177
21195E106,783
21195E107,1097
21195E108,305
21195E109,594
21195F101,516
21195F102,623
21195F103,839
21195F104,1609
21195F105,1077
21195F106,1104
21195F107,713
21195F108,1573
21197A101,1010
21197A102,1175
21197B101,765
21197B102,1283
21197C101,890
21197C102,1004
21197D101,962
21197D102,473
21197D103,285
21197E101,1092
21197E102,886
21199A101,446
21199A102,1454
21199A103,1489
21199A104,460
21199A105,562
21199A106,2171
21199A108,2010
21199A110,541
21199A111,204
21199A112,339
21199B101,644
21199B102,260
21199B103,496
21199B104,583
21199B105,973
21199B106,914
21199B107,662
21199B108,590
21199B109,737
21199B110,1218
21199B111,638
21199B112,648
21199B113,364
21199C101,384
21199C102,1324
21199C103,991
21199C104,1447
21199C105,1493
21199C106,1238
21199C110,1569
21199C111,417
21199C112,246
21199C113,142
21199D101,751
21199D102,469
21199D103,635
21199D104,822
21199D105,962
21199D106,805
21199D107,367
21199D108,666
21199D109,808
21199D110,1473
21199D111,604
21199D113,361
21199D115,652
21199E101,501
21199E103,1900
21199E104,1060
21199E105,1401
21199E107,259
21199E108,1407
21199E109,579
21199E110,266
21199E111,1500
21199E112,644
21201A101,332
21201B101,281
21201C101,330
21201D101,409
21201E101,365
21203A101,1694
21203A102,745
21203B101,891
21203B102,1307
21203C101,1175
21203C102,1085
21203C103,360
21203D101,1480
21203D102,643
21203D103,217
21203E101,949
21203E102,673
21203E103,538
21203E104,134
21203E105,327
21205A101,435
21205A102,1014
21205A103,399
21205A105,324
21205A106,1195
21205B102,439
21205B104,1027
21205B105,1031
21205B106,1512
21205C101,1247
21205C102,589
21205C103,431
21205C104,585
21205C106,860
21205D101,539
21205D102,866
21205D103,1135
21205D104,688
21207A101,989
21207A102,916
21207A103,1022
21207B101,816
21207B102,758
21207B103,1061
21207C101,1046
21207C102,633
21207C103,799
21207C104,438
21207D101,961
21207D102,882
21207D103,783
21207E101,1444
21207E102,631
21207E103,742
21209A100,991
21209A102,616
21209A104,534
21209A106,1353
21209A110,729
21209A112,569
21209A114,111
21209A116,715
21209B101,1298
21209B103,822
21209B105,722
21209B109,618
21209B111,812
21209B113,794
21209C108,936
21209C110,635
21209C112,849
21209C114,907
21209C116,924
21209C118,1202
21209D111,1240
21209D113,1533
21209D115,831
21209D119,1111
21209D121,714
21209D123,1073
21209E118,657
21209E120,557
21209E122,828
21209E124,821
21209E126,813
21209E128,531
21209F117,990
21209F119,704
21209F121,857
21209F123,649
21209F125,349
21209F127,974
21209F129,717
21209F131,626
21209G128,696
21209G130,867
21209G132,1078
21209G134,1092
21209G136,1080
21209G138,2
21211A101,956
21211A102,1129
21211A103,645
21211A104,704
21211A105,711
21211B101,1e3
21211B102,1111
21211B103,390
21211B104,1441
21211B105,855
21211C101,1089
21211C102,882
21211C103,995
21211C104,936
21211C105,985
21211D101,662
21211D102,1012
21211D103,1069
21211D104,664
21211D105,838
21211E101,1562
21211E102,893
21211E103,962
21211E104,536
21211E105,204
21211F101,1417
21211F102,1248
21211F103,644
21211F104,470
21211F105,843
21211G101,1007
21211G102,624
21211G103,1097
21211G104,1052
21213A101,1304
21213A102,932
21213A103,1033
21213B101,1211
21213B102,777
21213B103,1315
21213C101,593
21213C103,690
21213C104,2262
21213D101,529
21213D102,694
21213D103,777
21213D104,1172
21215A101,2631
21215B101,1423
21215B102,1159
21215C101,1394
21215C102,1897
21215D101,551
21215D102,756
21215D103,268
21215D104,174
21215D105,733
21215D106,33
21215E101,927
21215E102,1091
21215E103,755
21217A101,601
21217A102,657
21217A104,1673
21217B101,842
21217B102,1106
21217B103,514
21217B104,639
21217C101,329
21217C103,302
21217C104,648
21217C105,1407
21217D101,288
21217D102,1363
21217D104,1308
21217E101,1518
21217E102,824
21217E103,741
21217F101,615
21217F102,1355
21217F103,1148
21219A101,499
21219A102,647
21219A103,542
21219B101,679
21219B102,513
21219B103,198
21219B104,181
21219C101,979
21219C102,900
21219D101,235
21219D102,1374
21219E101,604
21219E102,910
21221A101,1458
21221A102,226
21221B101,733
21221B102,1221
21221C101,1627
21221D101,891
21221D102,51
21221D103,364
21221E101,777
21221E102,445
21221E104,258
21221F101,453
21221F102,1298
21221G101,940
21221G102,732
21223A101,473
21223A102,573
21223A103,801
21223B101,494
21223B103,781
21223B104,565
21223C101,424
21223C103,604
21223C104,716
21223D101,442
21223D102,488
21223D103,723
21225A101,787
21225A103,640
21225A104,644
21225B101,680
21225B102,702
21225B103,539
21225C101,720
21225C102,567
21225C103,505
21225C104,309
21225E102,732
21225E103,589
21225E104,533
21225F101,823
21225F102,318
21225F103,1130
21227A101,794
21227A102,1805
21227A103,571
21227A104,808
21227A105,1353
21227A106,769
21227A107,476
21227A108,1133
21227A109,1851
21227A110,1206
21227A111,663
21227A112,1392
21227A113,723
21227A114,723
21227A115,599
21227A116,3
21227A117,8
21227A118,9
21227B101,1230
21227B102,570
21227B103,514
21227B104,554
21227B105,705
21227B106,914
21227B107,786
21227B108,516
21227B109,973
21227B110,1330
21227B111,807
21227B112,117
21227B113,175
21227C101,650
21227C102,1568
21227C103,860
21227C104,1093
21227C105,739
21227C106,647
21227C107,1391
21227C108,270
21227C109,5
21227C110,1680
21227C111,1186
21227C112,1920
21227D101,1632
21227D102,1357
21227D103,568
21227D104,685
21227D105,922
21227D106,912
21227D107,281
21227D108,1093
21227D109,1117
21227D110,895
21227D111,909
21227D112,1418
21227D113,838
21227D114,1112
21227D116,9
21227E101,1219
21227E102,1565
21227E103,715
21227E104,663
21227E105,690
21227E106,1567
21227E107,1462
21227E108,924
21227E109,1238
21227E110,1299
21227E111,695
21227E112,789
21227F101,874
21227F102,1346
21227F103,977
21227F104,1497
21227F105,1169
21227F106,1008
21227F107,829
21227F108,1355
21227F109,517
21227F110,646
21227F111,543
21227F112,478
21227F113,1480
21227F114,881
21227F115,646
21227F116,35
21227F117,105
21227F118,725
21229A101,501
21229A102,742
21229A103,227
21229B101,600
21229B102,973
21229C101,293
21229C102,532
21229C103,364
21229D101,724
21229D102,636
21229E101,488
21229E102,899
21229F101,561
21229F102,1060
21231A101,785
21231A102,511
21231A103,1146
21231A106,558
21231A107,405
21231B101,1e3
21231B102,576
21231B103,945
21231B106,800
21231B109,505
21231D104,838
21231D105,774
21231D106,827
21231D107,613
21231D110,527
21231G101,1451
21231G103,294
21231G104,955
21231G106,1083
21233A101,996
21233A102,593
21233A103,831
21233A104,562
21233A105,401
21233B101,528
21233B102,967
21233B103,483
21233B104,444
21233B105,631
21233C101,1112
21233C102,612
21233C103,844
21233C104,647
21235A101,361
21235A103,1084
21235A104,679
21235A105,574
21235A106,944
21235A107,652
21235A109,1495
21235A111,477
21235B101,1235
21235B102,382
21235B104,374
21235B105,952
21235B106,1147
21235B107,1071
21235B108,338
21235B109,444
21235B110,1156
21235C101,238
21235C102,365
21235C103,103
21235C104,880
21235C105,420
21235C106,590
21235C107,782
21235C108,478
21235C109,277
21235C110,469
21235C111,548
21235C112,369
21235C113,351
21235C114,302
21235D101,1552
21235D102,1311
21235D104,1566
21235D105,1157
21235D106,1504
21237A101,601
21237A105,896
21237B101,501
21237B102,594
21237B106,870
21237C101,921
21237C102,791
21237C104,411
21239A101,1008
21239A102,1219
21239B101,775
21239B102,592
21239B103,815
21239C101,1278
21239C102,1242
21239D101,1451
21239D102,1157
21239E101,1148
21239E102,1048
21239F101,1232
21239F102,1359
21239G101,1164
21239G102,908
21239G103,897
21239H101,799
21239H102,948
21239H103,1073
