Rand PAUL,Jim GRAY,Precinct
402,134,21001AB
179,40,21001A102
302,82,21001A104
264,52,21001A105
415,163,21001B102
336,93,21001B104
313,138,21001C102
416,136,21001C104
300,64,21001D101
257,87,21001D103
237,144,21001D104
358,89,21001E101
433,196,21001E104
505,211,21001F101
296,110,21001F103
386,151,21001G101
498,182,21001G102
334,137,21003AB
395,177,21003A101
469,139,21003A102
495,160,21003B101
429,104,21003B102
204,71,21003B103
537,197,21003C101
667,190,21003C102
698,220,21003D101
290,95,21003D102
473,156,21003D103
220,55,21003E101
471,160,21003E102
297,79,21003E103
350,220,21005AB
378,318,21005A101
467,282,21005A102
423,329,21005B101
725,457,21005B102
470,327,21005C101
484,351,21005C102
513,245,21005D101
614,405,21005D102
851,542,21005E101
449,243,21005E103
350,218,21005F101
259,141,21005F102
155,112,21005F103
422,285,21005F104
115,36,21007AB
189,74,21007A101
399,231,21007A102
85,31,21007A103
299,200,21007B101
106,40,21007B102
148,63,21007C101
185,69,21007C102
105,59,21007C103
184,85,21007C104
342,206,21007D101
165,78,21007D102
235,127,21007E101
168,68,21007E102
650,417,21009AB
348,370,21009A101
186,282,21009A102
422,300,21009A103
129,72,21009A104
599,322,21009B101
491,278,21009B102
268,135,21009B103
483,265,21009B104
284,173,21009C101
438,234,21009C102
399,245,21009C103
479,257,21009C104
478,239,21009D101
673,451,21009D102
454,412,21009D103
369,255,21009E101
281,218,21009E102
444,279,21009E103
507,267,21009E104
343,232,21009F101
440,313,21009F102
571,420,21009F103
539,382,21009G101
227,304,21009G102
374,338,21009G103
157,171,21011AB
91,99,21011A101
105,125,21011A102
114,74,21011A103
80,72,21011A104
311,264,21011A105
173,187,21011B102
331,319,21011B103
282,161,21011B104
232,190,21011C101
204,199,21011C102
117,143,21011C103
127,150,21011C104
471,199,21013AB
266,110,21013A101
226,99,21013A102
191,50,21013A103
228,50,21013A104
240,65,21013A105
87,56,21013B101
155,49,21013B102
175,78,21013B103
210,99,21013B104
87,59,21013B105
22,19,21013B106
290,66,21013B107
117,56,21013B108
231,98,21013C101
162,72,21013C102
170,96,21013C103
226,127,21013C104
352,146,21013C105
148,71,21013D101
213,139,21013D102
198,96,21013D103
89,90,21013D104
186,72,21013D105
270,128,21013D106
340,126,21013E101
192,59,21013E102
256,72,21013E103
267,95,21013E104
269,39,21013E105
303,57,21013E106
3556,1379,21015AB
340,84,21015A102
902,205,21015A103
797,189,21015A104
402,116,21015A105
366,111,21015A106
252,83,21015A107
732,263,21015A108
806,293,21015A109
441,118,21015A110
631,280,21015A111
492,177,21015A112
638,303,21015A113
992,307,21015A114
803,293,21015A115
437,141,21015A116
967,283,21015A117
624,153,21015A118
265,101,21015A119
982,263,21015A120
1081,344,21015A121
506,160,21015A122
783,266,21015A123
621,149,21015B114
376,147,21015B115
502,201,21015B116
766,305,21015B117
303,142,21015B118
355,157,21015B119
538,168,21015B120
1151,379,21015B121
659,193,21015B122
1028,362,21015B123
794,269,21015B124
834,308,21015B125
655,166,21015B126
820,259,21015B127
663,192,21015B128
774,228,21015B129
1462,439,21015B130
763,307,21015B131
883,312,21015B132
798,316,21015B133
623,195,21015B134
737,258,21015C102
648,344,21015C110
558,166,21015C117
518,292,21015C121
260,134,21015C123
442,263,21015C124
285,127,21015C125
154,135,21015C126
382,199,21015C127
336,130,21015C128
379,184,21015C129
579,317,21015C130
458,300,21015C131
424,238,21015C132
224,103,21015C133
891,338,21015C134
497,229,21015C135
398,145,21015C136
699,295,21015C137
253,299,21017AB
326,276,21017B101
175,199,21017B103
230,185,21017C101
101,90,21017C102
201,287,21017C103
335,336,21017D101
209,196,21017D103
390,289,21017E101
246,284,21017E103
279,238,21017F101
356,247,21017F102
176,130,21017F103
373,277,21017G101
262,340,21017G102
355,290,21017H101
144,387,21017H102
791,706,21019AB4
202,123,21019AB5
213,293,21019A101
365,280,21019A107
467,354,21019A108
351,317,21019A109
194,229,21019A110
205,169,21019A111
227,177,21019A113
55,68,21019A114A
192,243,21019A115
181,188,21019A116
501,231,21019A118
242,162,21019A119
240,172,21019A121
4,5,21019A122
167,177,21019B101A
177,226,21019B102A
160,189,21019B103A
153,172,21019B105
217,192,21019B106A
164,140,21019B107
200,197,21019B108
230,214,21019B109
244,233,21019B110
173,218,21019B114
279,272,21019B115
177,185,21019B116
166,149,21019B117
159,157,21019B118
227,156,21019B119
227,185,21019B121A
214,164,21019C102
175,148,21019C103
286,193,21019C104
208,223,21019C105
207,215,21019C106
127,169,21019C107
191,182,21019C108
106,117,21019C109A
2,1,21019C110
63,65,21019C111
226,214,21019C112
288,211,21019C113
273,208,21019C114
328,291,21019C115
265,215,21019C116
221,141,21019C117
444,371,21021AB
319,198,21021A101
376,244,21021A102
180,121,21021A103
373,163,21021A104
102,69,21021A105
149,72,21021B101
296,171,21021B102
441,370,21021B103
304,215,21021B104
277,280,21021C101
282,283,21021C102
130,122,21021C103
138,261,21021C104
370,343,21021D101
441,283,21021D102
448,271,21021D103
234,279,21021E101
210,266,21021E102
114,177,21021E103
119,288,21021E104
178,234,21021F101
252,227,21021F102
385,247,21021F103
236,219,21021F104
184,163,21021F105
212,113,21023AB
365,94,21023A101
251,110,21023B101
242,112,21023C101
341,79,21023D101
269,109,21023E101
280,110,21023F101
284,104,21023G101
244,133,21023H101
56,55,21025A101
194,134,21025A102
312,192,21025A103
164,147,21025A104
106,106,21025A105
123,78,21025B101
139,99,21025B102
179,166,21025B103
118,158,21025B104
67,95,21025B105
158,247,21025C101
66,110,21025C102
173,166,21025C103
155,82,21025C104
85,92,21025C105
49,50,21025D101
120,137,21025D102
174,161,21025D103
105,85,21025D104
40,27,21025D105
97,125,21025D106
136,92,21025ABSENTEE MACHINE
38,68,21025ABSENTEE PAPER
1036,528,21029AB
89,50,21029A101
329,188,21029A102
365,230,21029A103
336,183,21029A104
670,303,21029A105
679,321,21029A106
730,359,21029A107
270,186,21029A108
57,36,21029A110
395,280,21029A111
654,329,21029A112
451,250,21029A113
163,104,21029B101
532,275,21029B102
722,412,21029B103
743,396,21029B104
934,435,21029B108
815,398,21029B109
646,386,21029B110
598,342,21029B111
291,141,21029B112
596,306,21029B113
574,265,21029B114
412,277,21029C101
338,289,21029C102
550,350,21029C103
366,245,21029C104
352,193,21029C105
335,227,21029C106
602,375,21029C107
509,277,21029C108
519,226,21029C109
455,342,21029C110
156,72,21029C111
271,194,21029C112
298,146,21029C113
188,125,21029D101
427,268,21029D102
439,300,21029D103
280,137,21029D104
734,316,21029D105
548,270,21029D106
715,325,21029D107
402,242,21029D108
622,318,21029D110
348,205,21029D111
308,92,21029D113
173,105,21029D114
263,77,21031AB
217,110,21031A110
307,156,21031A111
415,131,21031B106
497,206,21031B107
17,3,21031C103
491,161,21031C106
328,134,21031C107
219,89,21031D103
244,65,21031D105
242,90,21031D106
427,121,21031E105
388,101,21031E106
244,127,21033AB
305,116,21033A101
231,95,21033A102
312,221,21033A103
390,161,21033B101
273,133,21033B102
168,196,21033B103
359,163,21033C101
211,91,21033C102
325,197,21033C103
267,98,21033D101
145,88,21033D102
364,197,21033D103
293,154,21033D104
691,431,21035AB
263,310,21035A101
119,158,21035A102
726,369,21035A103
275,147,21035A104
251,174,21035A105
345,137,21035A106
235,230,21035B101
301,166,21035B103
261,122,21035B104
268,262,21035B105
297,146,21035B107
184,120,21035B108
268,335,21035B109
359,243,21035C101
753,333,21035C102
280,156,21035C103
313,135,21035C104
278,223,21035C105
277,198,21035C106
151,130,21035C107
285,175,21035C108
262,175,21035C109
153,75,21035C110
461,150,21035D102
287,169,21035D103
258,139,21035D104
721,322,21035D105
245,100,21035D106
281,324,21035D108
132,44,21039AB
220,141,21039A101
245,124,21039A102
468,159,21039B101
214,47,21039B102
266,111,21039C101
268,143,21039C102
154,104,21041AB
197,127,21041A101
302,177,21041A102
176,188,21041A103
126,128,21041B101
164,174,21041B102
144,150,21041B103
98,64,21041B104
69,33,21041C101
112,54,21041C102
233,121,21041C103
418,305,21041C104
449,314,21043AB
325,226,21043A101
142,129,21043A102
161,120,21043A103
164,133,21043A104
311,200,21043A105
249,239,21043B101
138,147,21043B102
265,168,21043B103
251,196,21043B104
204,164,21043B105
342,323,21043C101
50,61,21043C102
264,218,21043C103
246,231,21043C104
147,120,21043D101
87,50,21043D102
133,128,21043D103
132,108,21043D104
69,79,21043D105
181,157,21043D106
159,179,21043D107
114,99,21043E101
240,144,21043E102
215,159,21043E103
304,189,21043E104
298,147,21043E105
364,107,21045AB
374,97,21045A101
216,65,21045A102
359,101,21045A103
151,46,21045A104
300,98,21045B101
633,142,21045B102
190,85,21045B103
250,127,21045C101
476,142,21045C102
240,58,21045C103
180,93,21045C104
390,118,21045D101
176,80,21045D102
384,116,21045D103
106,43,21045D104
851,403,21047AB
47,125,21047A101
16,280,21047A102
28,463,21047A103
224,251,21047A104
81,186,21047A105
321,425,21047B101
370,432,21047B102
477,104,21047B103
248,79,21047B104
202,132,21047C101
58,175,21047C102
216,144,21047C103
369,115,21047C104
883,193,21047C105
421,181,21047C106
409,148,21047D101
449,205,21047D102
389,135,21047D103
328,55,21047D104
196,44,21047D105
200,38,21047D106
500,284,21047D107
183,233,21047E101
388,244,21047E102
498,224,21047E103
290,175,21047E104
215,130,21047E105
133,29,21047F101
359,171,21047F102
154,21,21047F103
407,295,21047F104
368,108,21047G101
216,201,21047G102
229,134,21047G103
545,250,21047G104
163,72,21047G105
417,131,21047G106
421,118,21047H101
719,201,21047H102
444,225,21047H103
642,116,21047H104
476,336,21049AB
625,396,21049A101
324,256,21049A102
352,318,21049A103
514,314,21049A104
382,235,21049B101
474,362,21049B102
164,159,21049B103
325,191,21049B104
356,228,21049B105
438,266,21049C101
322,273,21049C102
536,287,21049C103
479,280,21049C104
80,77,21049D101
468,427,21049D102
328,243,21049D103
290,370,21049D104
213,195,21049E101
673,579,21049E102
223,155,21049E103
52,199,21049F101
124,111,21049F102
322,265,21049F103
38,179,21049F104
262,258,21049F105
183,161,21049F106
245,112,21051A101
335,93,21051A106
119,52,21051A107
274,78,21051B101
161,83,21051B103
403,107,21051B104
122,29,21051C101
220,45,21051C102
193,58,21051C103
321,82,21051C104
96,42,21051D102
285,78,21051D103
207,61,21051D104
149,49,21051E101
142,62,21051E102
361,93,21051E103
67,24,21051E104
309,82,21051F101
330,89,21051F102
292,87,21051F104
189,61,21051ABSENTEE MACHINE
97,39,21051ABSENTEE PAPER
220,50,21053A101
198,52,21053A104
237,64,21053B101
237,26,21053B102
255,57,21053C101
157,38,21053C102
249,45,21053C103
224,37,21053D101
331,32,21053D102
226,50,21053E101
267,55,21053E102
163,33,21053F101
247,36,21053F102
357,72,21053ABSENTEE MACHINE
145,32,21053ABSENTEE PAPER
146,59,21055AB
221,87,21055A101
189,71,21055A102
316,111,21055B101
207,88,21055B102
252,105,21055C101
82,40,21055C102
309,122,21055D101
106,37,21055D102
243,94,21055E101
321,98,21055E102
334,119,21055F101
151,59,21055F102
150,63,21057AB
271,71,21057A101
341,59,21057A102
137,41,21057B101
159,31,21057B102
237,42,21057B103
226,54,21057C101
192,70,21057C102
57,36,21057C103
286,81,21057D101
205,83,21057D102
1546,1007,21059AB
168,152,21059A101
157,172,21059A102
208,273,21059A103
283,310,21059A104
385,290,21059A105
197,225,21059A106
86,160,21059A107
182,128,21059A108
204,228,21059A109
225,210,21059A110
420,239,21059A111
84,271,21059A112
112,137,21059A113
161,280,21059A114
422,184,21059A115
319,262,21059A116
124,147,21059A118
207,199,21059A119
244,216,21059A120
195,181,21059A121
96,131,21059A122
188,166,21059A123
328,259,21059A124
251,137,21059A125
260,201,21059A126
282,196,21059A127
206,192,21059A128
203,186,21059A129
199,219,21059A130
186,157,21059A131
301,227,21059A132
236,162,21059A133
279,228,21059A134
141,143,21059A135
247,214,21059A136
189,188,21059A137
342,275,21059A138
395,242,21059A139
235,176,21059A140
321,181,21059A141
169,340,21059A142
154,161,21059A143
214,177,21059A144
158,114,21059A145
477,315,21059A146
289,273,21059A147
306,204,21059A148
268,251,21059B101
663,453,21059B102
300,170,21059B103
407,262,21059B104
725,411,21059C101
276,196,21059C102
303,228,21059D102
170,147,21059D103
326,187,21059E101
435,200,21059E102
451,228,21059E103
101,40,21059E104
429,265,21059F101
633,364,21059F102
450,239,21059F103
341,169,21059F104
292,140,21059G101
260,188,21059G102
295,190,21059G103
369,232,21059G104
184,125,21059G105
233,124,21059H101
532,266,21059H102
488,254,21059H103
377,174,21059H104
361,237,21059H105
128,90,21059H106
410,193,21059H107
265,66,21059H108
296,173,21059H109
241,105,21059H110
401,322,21059H111
490,232,21059H112
254,161,21059H113
244,127,21059H114
770,378,21059H115
83,65,21059H116
820,381,21059H117
254,102,21061AB
223,112,21061A101
430,173,21061A102
542,212,21061B101
227,117,21061C101
343,165,21061C102
567,278,21061D101
417,212,21061E101
550,277,21061F101
225,136,21065AB
118,65,21065A101
127,89,21065A102
98,81,21065A103
160,74,21065A104
137,101,21065A105
281,138,21065A106
304,137,21065B102
153,103,21065B103
141,90,21065B104
395,244,21065B105
135,75,21065B106
399,193,21065C103
288,117,21065C104
210,94,21065C105
357,183,21065C106
2958,4547,21067AB
137,205,21067A101
162,292,21067A102
211,207,21067A103
150,104,21067A104
62,190,21067A106
107,106,21067A108
24,454,21067A109
107,316,21067A111
163,260,21067A113
123,244,21067A114
33,497,21067A115
160,264,21067A116
76,412,21067A117
159,265,21067A118
18,252,21067A120
94,247,21067A121
180,276,21067A123
50,335,21067A126
180,389,21067A128
15,293,21067A130
103,239,21067A131
172,304,21067A132
60,321,21067A133
33,232,21067A134
81,379,21067A135
182,317,21067A136
294,373,21067A138
205,263,21067A139
133,247,21067A140
73,246,21067A143
56,435,21067A144
195,308,21067A145
151,361,21067A146
58,444,21067A148
41,287,21067A149
54,432,21067A150
131,236,21067A151
171,469,21067A152
58,454,21067A155
105,212,21067A156
265,324,21067A157
336,195,21067A158
58,444,21067A161
25,114,21067A162
87,293,21067A163
36,278,21067A164
122,144,21067A165
260,285,21067A166
156,224,21067A167
133,394,21067A168
119,294,21067A169
98,184,21067A170
179,289,21067A171
125,260,21067A172
161,264,21067A173
75,137,21067A174
81,84,21067A175
224,210,21067A176
70,227,21067A177
89,129,21067A178
16,292,21067A179
154,205,21067A180
195,314,21067A181
274,241,21067A182
148,274,21067A183
97,122,21067A184
163,304,21067A185
265,472,21067A187
249,229,21067A188
165,152,21067A189
211,268,21067A190
318,509,21067A191
195,310,21067A192
303,279,21067A193
163,284,21067A194
173,228,21067A195
133,252,21067A196
178,290,21067A197
135,231,21067A198
142,279,21067A199
228,494,21067A200
143,263,21067A201
0,3,21067A203
107,224,21067A204
235,232,21067B101
199,390,21067B102
196,215,21067B103
172,239,21067B104
156,269,21067B105
210,274,21067B106
143,251,21067B108
167,259,21067B110
98,312,21067B111
138,241,21067B112
134,444,21067B113
174,231,21067B114
280,311,21067B117
167,302,21067B118
102,201,21067B119
133,154,21067B120
139,263,21067B121
254,223,21067B123
156,319,21067B125
229,284,21067B127
136,228,21067B128
200,185,21067B129
299,354,21067B130
111,268,21067B132
134,293,21067B133
199,362,21067B135
191,295,21067B137
126,343,21067B138
228,243,21067B139
181,298,21067B140
223,281,21067B141
154,180,21067B142
187,302,21067B143
233,287,21067B146
204,286,21067B147
234,230,21067B150
136,223,21067B151
266,266,21067B152
182,225,21067B154
159,341,21067B155
273,271,21067B156
120,216,21067B157
163,274,21067B158
212,264,21067B159
289,301,21067B163
157,209,21067B164
220,345,21067B165
205,236,21067B166
133,172,21067B167
177,281,21067B168
156,190,21067B169
159,219,21067B170
159,188,21067B172
42,271,21067B174
292,354,21067B179
295,392,21067B181
103,143,21067B182
164,232,21067B183
241,288,21067B184
347,299,21067B185
273,231,21067B186
279,224,21067B187
232,281,21067B188
136,304,21067B189
148,364,21067B190
198,223,21067B191
289,282,21067B192
151,367,21067B195
156,270,21067B196
130,262,21067B197
331,254,21067B198
209,258,21067B199
184,196,21067B200
241,194,21067B201
264,307,21067B202
293,276,21067B203
199,153,21067B204
370,292,21067B205
259,260,21067B206
256,303,21067B207
245,190,21067B208
278,243,21067B209
274,374,21067B210
192,318,21067B211
247,281,21067B212
139,160,21067B213
285,229,21067B215
273,231,21067B216
127,120,21067B217
255,262,21067B218
232,217,21067B219
244,201,21067B221
239,271,21067B222
268,245,21067B223
364,312,21067B224
233,289,21067B225
232,234,21067B226
222,246,21067B227
98,119,21067B228
153,272,21067B229
71,94,21067B230
368,448,21067B231
291,305,21067B232
91,146,21067C102
132,405,21067C103
151,437,21067C105
196,173,21067C109
165,402,21067C113
214,245,21067C114
77,232,21067C115
200,240,21067C118
181,346,21067C120
65,153,21067C121
138,394,21067C124
295,270,21067C125
135,285,21067C126
173,291,21067C127
125,332,21067C128
104,169,21067C129
136,247,21067C130
145,338,21067C132
207,236,21067C137
114,430,21067C138
124,567,21067C140
149,533,21067C142
121,284,21067C143
93,372,21067C144
119,244,21067C148
91,247,21067C150
93,185,21067C151
372,251,21067C152
165,209,21067C153
184,151,21067C154
125,171,21067C155
163,308,21067C156
112,291,21067C157
111,223,21067C159
181,128,21067C160
131,229,21067C161
137,363,21067C162
257,183,21067C163
262,342,21067C164
166,353,21067C165
186,355,21067C167
93,233,21067C170
137,259,21067C171
267,293,21067C173
187,319,21067C174
197,297,21067C175
254,300,21067C176
213,339,21067C177
183,197,21067C178
156,252,21067C179
373,320,21067C180
227,258,21067C182
75,205,21067C183
58,96,21067C184
89,72,21067C185
185,318,21067C186
267,203,21067C187
133,225,21067C188
102,304,21067C189
224,310,21067C190
190,387,21067C191
244,235,21067C192
188,136,21067C193
243,264,21067C194
178,277,21067C195
153,259,21067C196
116,170,21067C197
110,232,21067C198
186,196,21067C199
266,255,21067C200
170,148,21067C201
278,281,21067C203
161,302,21067C205
186,379,21067C207
251,164,21067C208
272,305,21067C209
301,234,21067C210
135,250,21067C211
194,288,21067C212
97,186,21067C213
165,211,21067C215
115,153,21067C216
236,289,21067C217
242,247,21067C218
124,248,21067C219
124,175,21067C220
194,235,21067C221
108,210,21067C222
276,320,21067C223
308,335,21067C224
267,231,21067C225
113,210,21067C226
226,339,21067C227
208,248,21067C228
162,132,21067C229
149,245,21067C230
248,218,21067C231
230,263,21067C232
184,271,21067C233
138,175,21067C235
172,157,21067C236
247,238,21067C237
253,299,21067C238
371,427,21067C239
300,185,21069AB
188,167,21069A101
141,91,21069A102
174,151,21069A103
167,98,21069B101
293,208,21069B102
171,77,21069B103
328,179,21069C101
295,203,21069C102
234,221,21069D102
211,179,21069D103
144,144,21069E101
145,102,21069E102
155,76,21069E103
121,41,21069E104
134,104,21069F102
66,52,21069F103
201,168,21069F104
129,109,21069F105
173,151,21071A101
46,24,21071A102
221,158,21071A103
106,96,21071A104
253,206,21071A105
277,221,21071A106
234,187,21071A107
299,226,21071A109
178,150,21071A110
230,208,21071A111
323,201,21071A113
383,220,21071A116
134,158,21071B101
259,247,21071B102
167,133,21071B103
138,162,21071B104
164,206,21071B105
245,247,21071B106
166,186,21071B108
101,71,21071B109
262,209,21071B112
183,167,21071C101
135,153,21071C102
142,207,21071C103
173,282,21071C104
35,85,21071C105
83,133,21071C106
123,165,21071C107
111,180,21071C108
90,174,21071C109
83,134,21071C110
122,111,21071C111
107,189,21071D101
224,220,21071D102
172,180,21071D103
293,166,21071D104
119,93,21071D105
270,163,21071D106
297,233,21071D107
348,248,21071D108
72,124,21071D109
94,85,21071D110
319,262,21071ABSENTEE MACHINE
128,194,21071ABSENTEE PAPER
528,807,21073AB
351,436,21073A101
175,249,21073A102A
60,287,21073A103A
134,282,21073A104A
95,321,21073A105A
359,239,21073A106
105,342,21073A107A
331,336,21073A108
334,404,21073B101
213,360,21073B102
171,230,21073B103A
170,212,21073B105A
687,761,21073B106
260,303,21073B108A
70,117,21073B109A
123,175,21073C101A
93,249,21073C102A
129,191,21073C105A
189,196,21073C106A
285,492,21073C107A
377,355,21073C108
236,451,21073C109A
177,265,21073C110A
212,202,21073D101
321,335,21073D102
161,139,21073D103
223,177,21073D104
105,148,21073D105A
59,165,21073D106A
105,181,21073D107A
121,171,21073D108A
87,253,21073D109A
347,426,21073E101
539,677,21073E102
228,331,21073E108A
202,353,21073E109A
172,279,21073E110A
251,183,21073F101
55,205,21073F102A
255,240,21073F103
218,360,21073F104A
109,314,21073F105A
196,228,21073F106
382,433,21073F108
92,51,21075AB
104,123,21075A101
102,115,21075A102
21,66,21075A103
181,67,21075B101
166,116,21075B102
147,71,21075B104
165,90,21075C102
45,169,21075C103
131,82,21075D101
70,32,21075D102
98,47,21075D103
145,55,21077AB
238,173,21077A101
198,106,21077A102
288,81,21077B101
338,83,21077B102
261,96,21077C101
292,113,21077C102
306,120,21077D101
292,112,21077D102
278,134,21079AB
183,106,21079A101
389,223,21079A103
502,244,21079A104
239,150,21079B101
434,215,21079B102
112,96,21079B103
527,228,21079C102
448,240,21079C103
364,133,21079D101
147,81,21079D102
198,121,21079D103
293,148,21079D104
438,217,21079E101
482,179,21079E103
452,183,21081AB
358,130,21081A101
205,68,21081A102
391,137,21081A103
201,93,21081A104
421,132,21081A105
286,90,21081A106
290,134,21081A107
368,139,21081B101
125,34,21081B102
188,52,21081B103
284,96,21081B104
390,124,21081B105
236,59,21081B106
350,105,21081B107
236,85,21081B108
259,80,21081C101
288,103,21081C102
460,138,21081C103
317,84,21081C104
198,53,21081C106
503,146,21081C107
319,69,21081C108
548,261,21083AB
225,83,21083A101
234,111,21083A102
290,125,21083A103
173,81,21083A104
365,141,21083A105
336,153,21083A106
433,189,21083A107
293,127,21083A108
689,264,21083A109
356,198,21083A110
651,201,21083A111
134,91,21083B101
79,127,21083B102
224,202,21083B103
190,110,21083B104
408,202,21083B105
79,90,21083B106
89,135,21083B107
325,256,21083B108
233,162,21083B109
483,237,21083B110
472,212,21083B111
411,263,21083C101
441,211,21083C102
689,258,21083C104
318,143,21083C106
312,88,21083C107
438,181,21083C108
502,207,21083C109
576,285,21083C110
430,224,21085AB
201,114,21085A102
550,305,21085A103
141,46,21085A104
416,159,21085B101
139,43,21085B102
140,82,21085B103
104,70,21085B104
409,194,21085B105
163,71,21085C101
445,199,21085C102
505,283,21085C103
409,261,21085D101
486,196,21085D102
271,78,21085D103
265,122,21085E101
475,262,21085E102
167,34,21085E103
209,82,21085E104
276,142,21085F101
518,201,21085F103
164,75,21085F105
214,64,21085F106
335,129,21087AB
332,163,21087A101
190,110,21087A102
369,173,21087A103
290,137,21087A104
380,130,21087B101
473,154,21087B102
318,127,21087C101
284,123,21087C102
330,89,21087D101
387,124,21087D102
719,528,21089AB
343,239,21089A101
314,276,21089A102
352,344,21089A103
274,165,21089A104
204,177,21089A105
162,181,21089A106
211,141,21089A107
157,191,21089A108
517,344,21089A109
462,287,21089A110
221,190,21089B101
241,227,21089B102
337,268,21089B103
233,165,21089B104
310,208,21089B105
243,199,21089B107
440,356,21089B108
199,125,21089B110
324,262,21089B111
262,199,21089C101
379,211,21089C102
189,191,21089C103
263,264,21089C104
326,240,21089C105
255,273,21089C106
214,233,21089C107
315,209,21089C108
236,209,21089C109
244,226,21089C110
143,80,21091AB
184,196,21091A101
267,271,21091A102
147,161,21091B101
228,159,21091B102
162,137,21091B103
336,246,21091C101
238,218,21091C102
224,128,21091D101
253,130,21091D102
201,116,21091D103
1468,927,21093AB
195,137,21093A001
258,343,21093A002
165,222,21093A003
267,357,21093A004
296,326,21093A005
283,396,21093A006
56,84,21093A007
329,345,21093A008
246,167,21093A009
46,32,21093A010
239,220,21093B001
374,481,21093B002
362,553,21093B003
285,441,21093B004
325,202,21093B005
267,381,21093B006
378,235,21093C001
412,382,21093C002
579,276,21093C003
762,426,21093C004
382,236,21093C005
623,373,21093C006
256,308,21093C007
298,270,21093D001
601,412,21093D002
476,336,21093D003
732,614,21093D004
637,488,21093D005
272,244,21093D006
275,225,21093E001
287,218,21093E002
608,436,21093E003
485,490,21093E004
398,332,21093E005
232,203,21093E006
510,308,21093F001
538,222,21093F002
794,376,21093F003
659,325,21093F004
518,261,21093F005
467,243,21093F006
289,126,21093F007
50,15,21093F008
287,134,21093G001
343,165,21093G002
356,136,21093G003
263,134,21093G004
61,24,21093G005
680,352,21093G006
401,212,21093G007
645,293,21093G008
442,273,21093G009
620,322,21093H001
123,67,21093H002
36,23,21093H003
550,316,21093H004
557,609,21093H005
458,338,21093H006
625,426,21093H007
465,228,21093H008
419,135,21095AB
449,197,21095A101
564,166,21095A108
198,57,21095A110
128,25,21095A111
299,66,21095A112
197,78,21095B102
207,65,21095B103
228,54,21095B104
201,70,21095B105
264,70,21095B106
167,54,21095B107
185,35,21095B109
191,28,21095C101
102,36,21095C102
73,37,21095C103
164,92,21095C104
97,37,21095C106
179,77,21095C107
181,108,21095C109
134,140,21095C111
444,162,21095D101
71,45,21095D103
246,89,21095D104
326,131,21095D106
120,27,21095D108
133,48,21095D109
451,180,21095E102
234,60,21095E104
192,72,21095E105
233,85,21095E106
252,63,21095E107
126,66,21095E108
127,107,21097AB4
95,102,21097AB6
188,233,21097A101
152,133,21097A102
31,44,21097A103
221,213,21097B101
138,130,21097B102
10,43,21097B103
275,214,21097C101
314,228,21097C102
215,193,21097D101
331,238,21097D102
63,72,21097D103
210,225,21097E101
281,196,21097E102
261,227,21097F101
254,223,21097F102
338,174,21097G101
209,140,21097G102
294,171,21097H101
218,166,21097H102
706,520,21101AB
224,182,21101A101
176,131,21101A102
267,205,21101A108A
397,197,21101A110A
226,181,21101A111
251,157,21101A112A
493,273,21101A114
214,254,21101A116A
252,178,21101B101C
161,84,21101B102C
330,171,21101B103
339,151,21101B104
298,134,21101B105
249,263,21101B106A
228,164,21101B108A
90,73,21101B109
364,240,21101B110A
358,219,21101B111A
113,93,21101B112A
226,202,21101C101AB
162,112,21101C102
175,144,21101C103B
267,220,21101C104B
179,126,21101C105
162,82,21101C106A
233,261,21101C107A
207,202,21101C109A
168,84,21101C110
168,146,21101C111A
150,232,21101D101A
72,197,21101D102A
152,205,21101D103A
127,213,21101D104A
164,281,21101D106A
192,210,21101D109A
285,331,21101D111A
243,340,21101E105A
155,145,21101E106A
207,178,21101E107A
258,207,21101E108A
214,156,21101E109A
168,141,21101E110A
152,169,21101E111A
166,196,21101E112A
271,232,21101E113A
187,118,21103AB
272,251,21103A101
239,206,21103A102
122,83,21103A103
439,239,21103B101
108,79,21103B102
292,158,21103B103
395,267,21103C101
192,94,21103C102
119,79,21103C103
498,273,21103D101
160,121,21103D102
44,38,21103E101
92,54,21103E102
157,72,21103E103
113,71,21103E104
91,44,21103E105
202,122,21103E106
154,117,21103F101
117,79,21103F102
307,229,21103F103
81,30,21105AB
125,88,21105A101
182,167,21105A102
250,109,21105B101
228,107,21105B102
230,98,21105C101
313,123,21105C102
818,446,21107AB
218,123,21107A001
263,92,21107A002
525,227,21107A003
115,23,21107A004
207,66,21107A005
208,128,21107A006
301,126,21107A007
218,158,21107B008
287,132,21107B009
188,76,21107B010
270,122,21107B011
207,90,21107B012
163,37,21107B013
160,142,21107B014
134,98,21107B015
370,143,21107C016
316,117,21107C017
468,140,21107C018
294,130,21107C019
198,112,21107C020
347,157,21107C021
95,172,21107C022
531,149,21107D023
429,151,21107D024
163,212,21107D025
178,51,21107D026
556,229,21107D027
328,166,21107D028
88,49,21107D029
284,91,21107E030
296,119,21107E031
202,58,21107E032
391,146,21107E033
351,204,21107E034
113,138,21107E035
184,74,21107E036
124,52,21107F037
408,153,21107F038
210,108,21107F039
328,107,21107F040
158,42,21107F041
277,107,21107F042
323,172,21107F043
174,95,21107G044
231,115,21107G045
152,112,21107G046
153,119,21107G047
213,161,21107G048
272,138,21107G049
138,82,21107G050
264,62,21109A101
245,77,21109A102
443,71,21109A103
117,31,21109A104
97,30,21109A105
137,33,21109A106
396,86,21109B101
596,144,21109B102
469,92,21109B103
288,67,21109B104
303,85,21109C101
244,44,21109C102
159,51,21109C103
218,38,21109C104
161,30,21109ABSENTEE MACHINE
127,28,21109ABSENTEE PAPER
466,679,21111A105
232,294,21111A107
413,470,21111A108
354,365,21111A111
385,425,21111A113
318,333,21111A114
338,336,21111A115
198,173,21111A118
313,311,21111A119
347,371,21111A121
333,508,21111A123
443,327,21111A124
467,339,21111A125
407,341,21111A126
245,287,21111A127
303,289,21111A128
493,398,21111A129
239,163,21111A130
362,353,21111A131
258,212,21111A134
288,295,21111A135
167,229,21111A136
218,258,21111A139
445,494,21111A140
7,7,21111A141
111,102,21111A142
11,1,21111A143
367,306,21111B124
501,326,21111B132
499,434,21111B133
700,620,21111B134
312,244,21111B149
572,494,21111B151
36,21,21111B153
352,375,21111B154
258,292,21111B155
486,505,21111B156
657,657,21111B157
588,340,21111B158
801,659,21111B159
286,229,21111B160
62,32,21111B161
586,347,21111B162
428,518,21111B163
283,307,21111B166
493,408,21111B168
366,294,21111B169
320,286,21111B170
734,536,21111B172
492,388,21111B173
460,352,21111B175
554,308,21111B177
66,48,21111B181
314,207,21111B182
784,530,21111B183
14,6,21111B184
153,158,21111B185
98,555,21111C101
119,346,21111C102
132,439,21111C103
92,355,21111C104
13,324,21111C105
193,787,21111C106
90,611,21111C108
32,264,21111C109
16,456,21111C110
35,825,21111C111
67,213,21111C113
215,702,21111C115
188,343,21111C122
137,234,21111C123
324,463,21111C124
98,397,21111C125
123,526,21111C126
72,81,21111C128
243,622,21111C129
14,45,21111C130
130,228,21111C131
322,570,21111C133
236,380,21111C134
221,375,21111C135
154,256,21111C136
234,342,21111C137
149,258,21111C138
14,9,21111C139
136,282,21111C141
111,386,21111C142
64,69,21111C143
32,34,21111C144
69,96,21111C145
0,0,21111C146
0,1,21111C147
12,21,21111C148
9,1,21111C149
5,4,21111C150
10,14,21111C151
175,264,21111D101
209,335,21111D104
296,329,21111D106
374,424,21111D108
112,208,21111D109
178,356,21111D110
113,397,21111D113
331,386,21111D114
360,540,21111D115
433,530,21111D116
304,353,21111D117
388,591,21111D120
289,304,21111D121
372,353,21111D122
477,600,21111D126
149,220,21111D129
294,378,21111D130
180,256,21111D131
463,751,21111D132
225,339,21111D135
435,548,21111D136
320,277,21111D137
506,633,21111D138
444,524,21111D139
410,475,21111D140
356,295,21111D141
377,359,21111D142
163,207,21111D144
162,168,21111D145
176,363,21111E139
158,166,21111E141
262,317,21111E142
221,296,21111E143
308,410,21111E144
337,385,21111E145
460,422,21111E148
472,356,21111E152
328,346,21111E154
333,398,21111E155
102,100,21111E157
232,239,21111E158
188,193,21111E159
316,300,21111E160
226,121,21111E161
124,130,21111E162
565,273,21111E163
471,247,21111E164
391,446,21111E165
254,229,21111E166
254,374,21111E167
235,160,21111E168
614,431,21111E169
209,267,21111E171
152,310,21111E173
243,265,21111E175
147,156,21111E176
129,143,21111E177
363,282,21111E178
423,246,21111E179
283,336,21111E180
371,381,21111E181
707,616,21111E182
283,317,21111E183
279,233,21111E184
102,160,21111E185
293,299,21111F106
545,488,21111F145
569,466,21111F151
561,433,21111F152
450,397,21111F153
440,268,21111F154
238,131,21111F155
495,453,21111F156
167,112,21111F158
364,223,21111F161
354,286,21111F163
473,251,21111F164
323,269,21111F166
250,354,21111F167
156,188,21111F169
160,234,21111F170
387,263,21111F171
314,337,21111F172
345,279,21111F176
370,350,21111F179
489,516,21111F180
424,566,21111F181
497,612,21111F182
234,116,21111F183
444,286,21111F184
285,481,21111F185
362,707,21111F186
272,381,21111F187
97,408,21111G103
110,323,21111G104
117,368,21111G106
140,422,21111G107
92,324,21111G108
187,560,21111G109
119,458,21111G111
228,780,21111G112
201,604,21111G116
272,763,21111G117
166,286,21111G119
163,392,21111G120
220,319,21111G121
119,289,21111G122
84,147,21111G123
353,510,21111G124
196,334,21111G126
68,113,21111G129
116,408,21111G140
152,393,21111G141
57,110,21111G142
211,618,21111G143
176,487,21111G144
299,624,21111G145
217,558,21111G146
249,447,21111G147
120,204,21111G148
123,240,21111G149
177,187,21111G150
167,234,21111G151
244,391,21111G154
220,478,21111G155
391,315,21111G156
397,497,21111G157
387,382,21111G158
0,0,21111G159
215,183,21111G160
152,301,21111G161
54,44,21111G162
205,263,21111G163
408,594,21111G164
168,218,21111G165
53,81,21111G166
135,195,21111G167
53,27,21111G168 - STM
117,174,21111G169
125,482,21111H102
224,566,21111H103
157,487,21111H105
166,430,21111H106
97,229,21111H109
184,463,21111H110
158,244,21111H111
245,349,21111H112
179,165,21111H113
2,6,21111H114
150,247,21111H115
226,357,21111H116
455,469,21111H117
247,413,21111H118
381,563,21111H120
126,202,21111H121
99,132,21111H123
30,119,21111H124
160,194,21111H125
183,255,21111H126
74,212,21111H127
0,0,21111H130
79,282,21111H131
38,177,21111H132
15,66,21111H133
363,678,21111H138
199,457,21111H141
341,360,21111H144
283,260,21111H145
338,361,21111H146
271,269,21111H147
325,320,21111H148
2,0,21111H150
0,1,21111H151
37,79,21111H152
0,0,21111H153
70,87,21111H154
76,121,21111H155
0,0,21111H156
5,13,21111H157
0,0,21111H158
102,91,21111H159
317,509,21111H160
0,1,21111H161
227,254,21111H162
192,427,21111I107
110,272,21111I109
76,103,21111I110
279,563,21111I111
275,429,21111I112
77,316,21111I115
112,209,21111I120
166,157,21111I122
432,537,21111I123
142,229,21111I124
118,203,21111I125
354,267,21111I126
188,158,21111I130
571,455,21111I133
190,134,21111I135
0,1,21111I138
22,50,21111I140
325,369,21111I141
1,0,21111I142
28,32,21111I143
49,29,21111I144
73,85,21111I145
314,310,21111I146
23,16,21111I147
164,149,21111I148
0,0,21111I149
24,44,21111I150
352,362,21111I151
464,408,21111I152
518,626,21111I153
492,566,21111I154
20,15,21111I155
136,168,21111I156
121,449,21111J101
174,538,21111J104
135,218,21111J105
114,316,21111J107
280,482,21111J108
157,340,21111J111
316,466,21111J113
339,490,21111J114
185,252,21111J117
232,300,21111J119
307,369,21111J120
250,357,21111J122
177,187,21111J123
68,134,21111J130
361,326,21111J135
354,245,21111J137
84,96,21111J138
76,145,21111J140
268,188,21111J141
3,3,21111J142
44,33,21111J143
363,257,21111J144
429,300,21111J145
0,0,21111J146
188,400,21111J147
253,403,21111J148
125,395,21111J149
132,256,21111J150
4,8,21111J151
255,221,21111J152
122,115,21111J153
0,0,21111J154
141,93,21111J155
139,280,21111K104
159,632,21111K105
69,311,21111K110
57,210,21111K111
90,246,21111K112
38,203,21111K113
121,397,21111K114
24,61,21111K116
182,356,21111K117
38,450,21111K118
205,351,21111K119
78,592,21111K122
85,684,21111K123
44,152,21111K125
49,239,21111K126
285,461,21111K127
236,297,21111K128
125,426,21111K129
73,368,21111K130
126,356,21111K131
115,135,21111K132
136,371,21111K133
154,304,21111K134
5,14,21111K135
20,85,21111K136
11,161,21111K137
53,78,21111K138
0,0,21111K139
35,182,21111K140
51,120,21111K141
0,0,21111K142
0,0,21111K143
221,312,21111K144
362,487,21111K145
382,404,21111K146
388,569,21111K147
191,291,21111K148
1,0,21111K149
0,0,21111K150
0,0,21111K151
30,572,21111L104
23,348,21111L108
5,12,21111L110
43,249,21111L111
26,310,21111L112
76,560,21111L113
21,71,21111L115
220,475,21111L117
401,569,21111L118
218,519,21111L119
225,310,21111L134
234,272,21111L135
255,457,21111L136
206,232,21111L138
441,410,21111L139
7,256,21111L140
84,280,21111L141
74,292,21111L142
42,204,21111L143
10,204,21111L144
6,466,21111L145
335,404,21111L146
17,432,21111L147
12,195,21111L148
1,26,21111L149
3,47,21111L150
220,284,21111L151
120,158,21111L152
33,38,21111L153
10,342,21111L154
3,7,21111L155
87,540,21111L156
14,462,21111L157
17,324,21111L158
2,128,21111L159
13,241,21111L160
16,421,21111L161
0,8,21111L162
19,242,21111L163
84,212,21111L164
21,946,21111M102
18,992,21111M103
15,403,21111M104
11,405,21111M105
6,240,21111M107
13,579,21111M110
101,473,21111M121
153,711,21111M123
140,567,21111M124
19,262,21111M129
27,253,21111M130
58,269,21111M131
16,688,21111M133
171,306,21111M137
246,627,21111M138
101,439,21111M139
59,184,21111M140
75,272,21111M141
222,777,21111M142
103,347,21111M143
53,226,21111M144
1,36,21111M145
99,436,21111M146
69,328,21111M147
10,439,21111M148
128,321,21111M149
78,187,21111M150
37,116,21111M159
32,102,21111M160
51,200,21111M162
49,164,21111M163
11,15,21111M164
0,0,21111M165
46,449,21111M166
0,0,21111M167
26,106,21111M168
11,269,21111M169
28,654,21111M170
30,781,21111M171
13,129,21111M172
73,539,21111M173
1,0,21111M174
0,0,21111M175
81,564,21111N101
173,360,21111N102
23,679,21111N103
27,719,21111N104
29,535,21111N105
17,638,21111N106
14,635,21111N107
15,701,21111N108
12,474,21111N109
12,420,21111N110
11,290,21111N111
11,361,21111N112
12,274,21111N113
115,312,21111N115
76,443,21111N117
2,1,21111N124
337,372,21111N125
329,173,21111N126
14,40,21111N127
41,180,21111N128
308,515,21111N130
416,252,21111N131
144,593,21111N134
54,78,21111N135
36,254,21111N136
2,135,21111N137
1,35,21111N138
1,74,21111N139
263,205,21111N141
428,441,21111N142
409,445,21111N143
254,253,21111N144
4,449,21111N145
211,277,21111N146
28,81,21111N147
5,331,21111N148
2,99,21111N149
0,12,21111N150
134,672,21111O105
151,772,21111O107
186,632,21111O109
168,458,21111O111
240,293,21111O112
123,386,21111O113
304,387,21111O114
400,482,21111O115
82,592,21111O117
103,559,21111O119
115,482,21111O121
109,316,21111O123
175,270,21111O124
146,419,21111O126
192,370,21111O127
307,430,21111O128
442,561,21111O129
274,349,21111O130
189,309,21111O131
414,396,21111O133
489,357,21111O134
251,367,21111O135
242,355,21111O136
440,525,21111O137
121,168,21111O138
15,22,21111O139
0,0,21111O141
199,235,21111O142
8,10,21111O143
325,656,21111Q101
358,588,21111Q103
71,180,21111Q104
433,648,21111Q105
356,573,21111Q107
561,505,21111Q109
421,391,21111Q112
212,171,21111Q113
447,320,21111Q114
378,432,21111Q115
354,437,21111Q116
391,349,21111Q117
439,427,21111Q119
84,484,21111Q122
47,802,21111Q123
109,441,21111Q124
634,591,21111Q125
240,189,21111Q126
136,258,21111Q127
186,193,21111Q131
213,282,21111Q132
127,360,21111Q134
103,158,21111Q136
280,414,21111Q137
157,314,21111Q138
160,165,21111Q139
371,260,21111S116
426,419,21111S118
422,529,21111S119
500,535,21111S125
453,361,21111S126
329,310,21111S128
367,303,21111S129
421,327,21111S130
313,477,21111S131
399,577,21111S132
292,548,21111S135
500,637,21111S139
440,286,21111S140
497,616,21111S141
262,313,21111S142
474,261,21111S143
334,283,21111S144
305,335,21111S146
476,349,21111S150
275,273,21111S152
551,420,21111S153
208,303,21111S156
989,626,21111S160
250,286,21111S161
303,340,21111S164
317,238,21111S165
435,242,21111S166
340,239,21111S167
275,253,21111S168
303,366,21111V101
843,465,21111V102
344,147,21111V103
817,503,21111V104
733,344,21111V105
282,352,21111V106
413,162,21111V107
845,376,21111V108
66,21,21111V109
826,366,21111V110
484,325,21111V111
11,7,21111V112
1019,605,21111V113
625,229,21111V114
393,367,21111V115
481,356,21111V116
405,331,21111V117
421,372,21111V118
697,476,21111V119
548,464,21111V120
490,396,21111V121
0,0,21111V122
2,0,21111V123
260,266,21111V124
400,251,21111V125
710,408,21111V126
616,586,21111V127
571,348,21111V128
767,362,21111V129
170,89,21111V130
508,348,21111V131
318,198,21111V132
381,176,21113AB2
568,409,21113AB6
152,159,21113A101-1A
192,180,21113A102-2A
372,346,21113A103-3A
211,223,21113A104-4A
333,281,21113A105-5A
531,313,21113A106-6A
239,183,21113A107-6B
477,282,21113B101-7A
458,345,21113B102-7B
363,280,21113B103-7C
372,322,21113B104-7D
535,365,21113B105-7E
312,248,21113C101-1C
269,213,21113C102-2C
295,377,21113C103-3C
424,337,21113C104-4C
573,368,21113C105-5C
151,68,21113D101-1D
253,216,21113D102-2D
348,224,21113D103-3D
601,281,21113D104-4D
444,185,21113D105-5D
378,202,21113D106-6D
163,102,21113D107-7D
160,77,21113E101-1E
623,282,21113E102-2E
390,198,21113E103-3E
431,242,21113E104-4E
365,193,21113E105-5E
609,277,21113E106-6E
417,121,21113E107-7E
205,200,21113F101-1F
245,230,21113F102-2F
362,364,21113F103-3F
268,247,21113F104-4F
351,346,21113F105-5F
169,98,21115UPPER WARD
169,78,21115MIDDLE WARD
103,71,21115LOWER WARD
143,61,21115BRIDGEFORD
388,147,21115STAFFORDSVILLE
329,157,21115HAGER HILL
147,98,21115SOUTHSIDE
274,150,21115KING ADDITION
73,27,21115EAST POINT
122,61,21115MUDDY BRANCH
179,88,21115WEST VAN LEAR
188,95,21115DANIELS CREEK
198,106,21115POWELL ADDITION
208,118,21115MINGO
128,95,21115VAN LEAR
173,93,21115BUFFALO
218,126,21115GREASY CREEK
38,25,21115WHITEHOUSE
155,102,21115THELMA
274,117,21115MOUTH OF RUSH
181,55,21115OIL SPRINGS
221,93,21115BARNETTS CREEK
323,134,21115FLAT GAP
102,62,21115VOLGA
135,57,21115LOW GAP
98,67,21115RED BUSH
288,106,21115JENNYS CREEK
111,60,21115LITTLE GAP
193,65,21115STAMBAUGH
135,52,21115SITKA
180,60,21115SYCAMORE
409,183,21115ABSENTEE MACHINE
135,61,21115ABSENTEE PAPER
2898,1670,21117AB
196,229,21117A101
104,227,21117A102
175,337,21117A103
224,156,21117A104
124,137,21117A105
138,275,21117A106
179,298,21117A107
260,344,21117A108
194,204,21117A109
153,153,21117A110
185,239,21117A111
197,226,21117A112
200,130,21117A113
209,123,21117A114
198,173,21117A115
232,136,21117A116
272,197,21117A117
39,246,21117A118
51,214,21117A119
113,198,21117A120
131,234,21117A121
227,327,21117A122
162,201,21117A123
290,233,21117A124
163,82,21117A125
580,401,21117A126
428,253,21117A128
357,179,21117A130
901,405,21117A131
370,233,21117A132
443,371,21117A133
472,233,21117A135
448,186,21117A136
833,278,21117A137
623,287,21117A138
557,141,21117B101
343,108,21117B105
454,159,21117B106
304,114,21117B107
758,245,21117B108
535,182,21117B109
553,249,21117B110
404,155,21117B111
541,201,21117B112
1053,286,21117B115
792,248,21117B116
353,199,21117B117
908,330,21117B118
199,54,21117B119
612,167,21117B120
601,215,21117B121
939,328,21117B122
430,103,21117B123
620,229,21117B125
333,95,21117B129
503,150,21117B130
380,167,21117B131
1037,420,21117B132
672,198,21117B133
315,183,21117B134
518,209,21117B135
943,303,21117B136
772,272,21117B137
754,298,21117B138
0,2,21117B139
613,248,21117B140
1041,355,21117B141
8,6,21117B142
285,156,21117C101
547,235,21117C102
264,126,21117C103
408,362,21117C104
368,210,21117C105
308,212,21117C106
561,322,21117C107
227,104,21117C108
259,137,21117C109
420,229,21117C110
361,245,21117C111
314,165,21117C112
296,194,21117C113
262,179,21117C114
241,206,21117C115
467,232,21117C116
480,237,21117C117
489,198,21117C118
247,153,21117C119
333,202,21117C121
676,385,21117C122
759,271,21117C124
749,396,21117C125
514,206,21117C127
444,258,21117C128
619,266,21117C130
469,183,21117C131
464,165,21117C133
542,228,21117C134
893,271,21117C135
640,357,21117C136
380,150,21117C137
426,188,21117C138
283,176,21117C139
491,205,21117C140
275,127,21117C141
0,0,21117C142
0,0,21117C143
198,106,21119A101
101,114,21119A103
270,165,21119A104
117,95,21119A105
83,66,21119A106
104,66,21119A108
187,110,21119B101
139,100,21119B102
84,67,21119B103
93,53,21119B104
74,65,21119B105
44,36,21119B106
167,110,21119B107
89,78,21119C101
174,104,21119C102
7,21,21119C103
19,14,21119C104
59,43,21119C105
21,7,21119C106
79,55,21119C107
105,68,21119C108
51,50,21119C109
57,36,21119C110
9,27,21119C111
82,80,21119C112
51,37,21119D102
105,124,21119D103
83,97,21119D104
149,152,21119D105
102,101,21119D107
123,62,21119ABSENTEE MACHINE
59,60,21119ABSENTEE PAPER
188,54,21121A101
188,90,21121A102
284,75,21121A103
404,172,21121A104
490,212,21121A105
444,137,21121A106
77,41,21121B101
57,38,21121B102
55,14,21121B103
117,34,21121B104
254,82,21121B105
199,60,21121B106
216,83,21121B107
348,119,21121B108
127,55,21121C101
224,77,21121C102
577,225,21121C103
301,138,21121C104
103,68,21121C105
205,115,21121D101
194,88,21121D102
161,96,21121D103
337,157,21121D104
325,157,21121D105
87,51,21121E101
107,44,21121E102
240,101,21121E103
357,140,21121E104
728,261,21121E105
330,158,21121E106
302,105,21121ABSENTEE MACHINE
136,75,21121ABSENTEE PAPER
273,154,21123AB
582,273,21123A101
335,243,21123A103
411,272,21123B101
214,170,21123B102
192,127,21123B103
589,276,21123C101
307,139,21123C102
150,81,21123C103
393,169,21123D101
347,163,21123D102
160,66,21123D103
158,52,21123D104
394,112,21125A101
294,108,21125A102
316,150,21125A103
387,126,21125A104
377,122,21125A105
467,182,21125A106
371,146,21125A107
318,135,21125A108
427,136,21125B101
395,156,21125B102
592,200,21125B103
267,87,21125B104
486,159,21125B105
386,116,21125B106
115,58,21125C101
239,105,21125C102
253,58,21125C103
371,152,21125C104
246,84,21125C105
246,79,21125C106
398,89,21125C108
440,161,21125C109
448,151,21125C110
521,172,21125D101
414,145,21125D102
250,52,21125D103
284,72,21125D104
378,102,21125D105
295,104,21125D106
322,145,21125D107
304,84,21125D108
366,111,21125E101
397,121,21125E103
355,166,21125E104
437,149,21125E105
577,168,21125E106
301,61,21125E107
311,73,21125E108
417,170,21125F101
615,184,21125F102
112,48,21125F103
580,172,21125F104
688,200,21125F105
260,80,21125F106
344,141,21125F107
922,285,21125ABSENTEE MACHINE
533,188,21125ABSENTEE PAPER
280,125,21127AB
147,112,21127A101
419,282,21127A102
113,112,21127A103
143,101,21127A104
150,120,21127B101
216,120,21127B102
490,314,21127B103
84,37,21127C101
143,78,21127C102
111,65,21127C103
356,162,21127C104
110,71,21127C105
186,65,21127D101
142,71,21127D102
90,112,21127D103
173,113,21127D104
191,100,21127D105
108,58,21127D106
151,16,21131A101
371,49,21131A102
24,6,21131A103
287,50,21131A104
88,11,21131A105
366,39,21131B101
144,54,21131B102
167,12,21131B103
129,25,21131B104
360,78,21131C101
175,38,21131C102
302,82,21131C103
217,46,21131D101
165,42,21131D102
128,28,21131D103
207,44,21131D104
68,3,21131D105
139,33,21131ABSENTEE MACHINE
87,23,21131ABSENTEE PAPER
180,163,21133A101
217,153,21133A102
268,144,21133A103
66,40,21133A104
74,35,21133A105
217,78,21133A106
122,46,21133A107
158,67,21133A108
405,200,21133B101
292,129,21133B102
205,137,21133B103
99,78,21133C101
116,58,21133C102
278,179,21133C103
122,106,21133C104
178,86,21133C105
133,47,21133C106
192,115,21133C107
217,182,21133D102
122,88,21133D103
143,80,21133D104
161,85,21133D105
106,84,21133D106
213,119,21133D107
148,106,21133E101
75,54,21133E102
235,139,21133E103
85,61,21133E104
170,131,21133E105
59,33,21133E106
225,94,21133ABSENTEE MACHINE
83,58,21133ABSENTEE PAPER
270,200,21137A101
557,273,21137A102
320,233,21137A103
152,129,21137A104
337,172,21137B101
299,149,21137B102
292,117,21137B103
486,200,21137B104
388,184,21137C101
296,120,21137C102
207,133,21137C103
536,289,21137C104
232,131,21137D101
186,131,21137D102
720,302,21137D103
205,117,21137D105
144,92,21137D106
403,208,21137ABSENTEE MACHINE
114,84,21137ABSENTEE PAPER
177,84,21139AB
691,338,21139A101
176,87,21139B101
352,191,21139B102
257,168,21139B103
115,45,21139C101
397,162,21139C102
81,41,21139C103
268,155,21139D101
275,115,21139D102
274,128,21139D103
315,151,21141AB
223,146,21141A101
691,255,21141A104
226,134,21141A105
276,124,21141B101
345,162,21141B102
300,146,21141B103
239,141,21141B104
403,132,21141C101
281,92,21141C102
239,138,21141C103
301,79,21141C104
437,125,21141D101
584,189,21141D102
327,73,21141D103
224,77,21141E101
612,261,21141E102
477,156,21141E103
136,208,21141F101
632,216,21141F102
287,209,21141F103
229,135,21143AB
354,220,21143A101
402,229,21143A102
334,193,21143B101
396,236,21143B102
335,243,21143C101
381,252,21143C102
1263,655,21145AB
96,218,21145A102A
75,199,21145A104A
134,151,21145A106A
457,220,21145A110
577,289,21145A112
856,346,21145A113
405,180,21145A114
229,191,21145A115
531,397,21145A116
46,24,21145A117
688,290,21145A118
45,163,21145A119A
359,158,21145A120
254,97,21145A121
500,272,21145A122
325,158,21145A124
103,151,21145A133A
177,236,21145B103A
255,363,21145B113A
141,158,21145B114A
177,243,21145B116A
536,176,21145B117
160,205,21145B118A
288,90,21145B119
400,192,21145B120
393,144,21145B121
262,118,21145B122
343,231,21145B123
448,153,21145B124
590,199,21145B125
337,183,21145B126
408,150,21145B127
36,15,21145B129
236,304,21145B131A
290,158,21145B132A
462,212,21145B134
429,134,21145B135
84,358,21145C102A
100,62,21145C106
520,240,21145C107
739,238,21145C108
663,319,21145C109
844,343,21145C110
633,287,21145C112
509,263,21145C113
369,121,21145C114
178,82,21145C115
131,182,21145C119A
161,236,21145C120A
217,190,21145C121A
320,142,21145C122A
466,262,21145C123A
125,259,21145C125A
329,145,21145C128
333,103,21147AB
326,128,21147A101
340,102,21147A102
250,46,21147A104
84,22,21147A105
645,171,21147B101
224,71,21147B102
178,22,21147B104
394,140,21147D101
122,46,21147D103
192,48,21147D104
143,37,21147D105
86,32,21147D106
158,64,21147F103
316,116,21147F104
190,35,21147F105
83,15,21147F106
168,26,21147F108
71,14,21147F109
159,129,21149AB
178,116,21149A101
392,253,21149A102
364,187,21149B101
285,200,21149B102
345,171,21149C101
391,186,21149C102
379,214,21149D101
327,225,21149D102
1149,907,21151AB
456,251,21151A101
310,466,21151A102
230,473,21151A103
526,488,21151A104
395,415,21151A105
645,576,21151A106
541,327,21151A107
543,320,21151A108
853,415,21151A109
324,184,21151A110
501,550,21151B101
377,263,21151B102
536,434,21151B103
482,235,21151B104
620,697,21151B105
130,202,21151B106
550,579,21151B107
356,199,21151B108
598,362,21151B109
1066,683,21151B110
6,1,21151C101
218,129,21151C102
571,362,21151C103
252,124,21151C104
445,209,21151C105
432,209,21151C106
691,458,21151C107
181,123,21151C108
510,445,21151C109
479,617,21151C110
505,531,21151C112
228,306,21151C113
134,222,21151C114
239,135,21151D101
376,260,21151D102
513,316,21151D103
65,52,21151D104
479,385,21151D105
1211,610,21151D106
3,4,21151D107
565,538,21151D109
148,265,21151D110
512,457,21151D111
537,400,21151D112
329,255,21151D113
192,152,21153A101
229,195,21153A102
138,119,21153A103
285,224,21153A104
249,170,21153B101
192,178,21153B102
128,67,21153B103
150,113,21153B104
106,88,21153B105
119,129,21153C101
146,99,21153C102
170,104,21153C103
190,147,21153C104
207,132,21153C105
181,180,21153ABSENTEE MACHINE
74,74,21153ABSENTEE PAPER
207,275,21155AB
212,173,21155A101
199,161,21155A102
274,192,21155A103
148,180,21155A104
307,469,21155C102
163,173,21155C103
138,98,21155C105
334,316,21155D102
274,240,21155D103
134,193,21155D104
193,156,21155E101
270,263,21155E102
332,336,21155E103
251,309,21155H101
166,188,21155H102
101,167,21155H103
184,197,21155H104
659,297,21157AB
420,260,21157A101
465,329,21157A102
373,331,21157A103
343,182,21157A104
334,220,21157A105
268,140,21157A106
641,341,21157A107
325,208,21157A108
298,186,21157B101
615,285,21157B102
236,144,21157B103
220,175,21157B104
472,259,21157B105
541,246,21157B106
451,267,21157B107
267,156,21157B108
313,179,21157B109
557,278,21157C101
264,141,21157C102
446,271,21157C103
829,351,21157C104
511,313,21157C105
300,145,21157C106
192,99,21157C107
295,228,21157C108
237,76,21159A101
117,31,21159A102
167,41,21159A103
95,40,21159B101
290,74,21159B102
190,46,21159B103
306,129,21159C101
215,61,21159C102
122,42,21159D101
173,54,21159D102
205,40,21159D103
60,18,21159D104
144,66,21159E101
216,100,21159E102
198,60,21159ABSENTEE MACHINE
79,31,21159ABSENTEE PAPER
302,207,21161AB
121,125,21161A101
30,87,21161A102
271,262,21161A103
202,224,21161A104
260,103,21161A105
129,56,21161B102
115,47,21161B103
228,106,21161B104
168,43,21161B105
283,168,21161B106
486,219,21161B107
452,275,21161B108
468,314,21161C102
325,144,21161C103
229,94,21161C104
383,166,21161C105
432,279,21163AB
300,263,21163A101
295,202,21163A102
445,358,21163B101
537,376,21163B102
325,164,21163B103
410,273,21163C101
415,243,21163C102
364,232,21163C103
396,331,21163D101
413,311,21163D102
281,281,21163D103
359,273,21163E101
392,252,21163E102
445,273,21163E103
246,214,21163F101
164,153,21163F102
323,218,21163F103
218,156,21163F104
283,217,21163F105
149,120,21165A101
124,92,21165A102
338,281,21165B101
250,200,21165C101
228,187,21165D101
245,165,21165E101
104,81,21165ABSENTEE MACHINE
76,75,21165ABSENTEE PAPER
172,112,21169AB
359,248,21169A101
339,211,21169A102
429,205,21169A103
147,106,21169A104
149,121,21169B101
64,21,21169B102
191,105,21169B103
152,117,21169B104
267,160,21169C101
136,69,21169C102
303,117,21169D101
137,68,21169D102
252,44,21171AB
110,44,21171A101
488,92,21171A102
99,23,21171A103
428,69,21171B101
212,93,21171B102
394,70,21171C101
167,54,21171C102
288,87,21171C103
316,67,21171D101
391,87,21171D102
297,86,21171E101
400,65,21171E102
300,240,21173AB
145,161,21173A101
208,219,21173A102
285,306,21173A103
287,243,21173A104
46,160,21173A105
279,303,21173A106
392,292,21173B101
433,334,21173B102
318,269,21173B103
405,323,21173B104
385,273,21173B105
450,285,21173B107
422,308,21173B108
255,160,21173C101
484,340,21173C102
567,376,21173C103
386,330,21173C104
173,190,21173C105
495,357,21177AB
45,100,21177A101
158,194,21177A102
152,113,21177A103
162,151,21177A104
159,160,21177A106
203,171,21177A107
203,206,21177B101
297,222,21177B102
274,161,21177B103
423,360,21177B104
176,113,21177B105
566,297,21177C101
215,206,21177C103
358,263,21177C104
387,280,21177C106
465,322,21177D101
225,171,21177D102
513,310,21177D103
264,159,21177D104
141,145,21177E101
93,156,21177E102
521,354,21177E103
367,246,21177E104
363,193,21177E105
129,79,21177E107
630,492,21179AB
80,42,21179A101
633,442,21179A102
306,382,21179A103
404,298,21179A104
565,449,21179A105
743,475,21179B101
241,325,21179B102
587,391,21179B103
592,444,21179B104
342,321,21179C101
374,382,21179C102
435,357,21179C103
276,337,21179C104
499,275,21179C105
416,249,21179D101
803,477,21179D102
541,400,21179D103
489,253,21179D104
611,448,21179D105
337,227,21179E101
645,461,21179E102
464,302,21179E103
463,177,21179E104
270,426,21179E105
115,122,21181AB
227,213,21181A101
243,282,21181B101
263,249,21181C101
240,324,21181D101
277,244,21181E101
350,204,21183AB
367,193,21183A101
277,149,21183A102
194,94,21183A104
392,192,21183A105
340,211,21183B101
569,317,21183B102
255,135,21183B103
176,143,21183C101
334,183,21183C102
506,272,21183C103
378,220,21183C104
358,194,21183D101
465,222,21183D102
252,107,21183D104
162,85,21183D106
514,220,21183E101
361,144,21183E102
335,137,21183E103
157,83,21183E105
1427,785,21185AB
810,449,21185A101
808,453,21185A103
751,491,21185A104
295,186,21185B101
727,381,21185B102
381,210,21185B104
879,426,21185B105
445,288,21185B106
454,185,21185C101
647,327,21185C102
442,297,21185C103
461,214,21185C105
311,172,21185C106
575,396,21185D101
720,268,21185D103
401,149,21185D104
494,336,21185D106
659,293,21185E101
896,473,21185E102
432,250,21185E103
186,168,21185E104
492,267,21185E105
155,68,21185E106
330,195,21185F101
532,301,21185F102
464,339,21185F103
367,211,21185F104
701,396,21185F105
129,60,21185F106
775,344,21185G101
863,412,21185G102
589,409,21185G103
240,112,21185G105
760,502,21185H101
578,294,21185H103
459,275,21185H104
327,179,21185H105
288,157,21185H106
214,103,21187AB
141,71,21187A101
284,75,21187A103
104,23,21187A104
334,141,21187A105
432,178,21187B102
325,197,21187B103
297,116,21187C101
225,94,21187C103
268,101,21187C104
278,183,21187D101
265,130,21187D102
221,115,21187D103
231,36,21191A101
404,123,21191A102
323,77,21191A103
456,152,21191B101
443,133,21191B102
372,123,21191B103
305,93,21191C101
340,132,21191C102
222,71,21191C103
396,188,21191D101
245,100,21191D102
314,129,21191D103
231,81,21191ABSENTEE MACHINE
94,55,21191ABSENTEE PAPER
361,219,21193AB
174,106,21193A101
175,90,21193A102
189,60,21193A103
61,29,21193A104
218,73,21193A105
125,91,21193A107
54,60,21193A108
230,167,21193A109
168,98,21193A110
44,69,21193A111
230,160,21193A112
182,128,21193A113
293,188,21193A114
177,124,21193B101
124,88,21193B102
177,107,21193B103
91,87,21193B104
221,162,21193B105
254,87,21193B106
89,65,21193B107
70,60,21193B108
102,86,21193B109
164,149,21193B110
100,70,21193B111
92,59,21193B112
166,90,21193B113
211,105,21193C102
159,105,21193C103
188,145,21193C104
158,93,21193C105
165,100,21193C106
269,136,21193C107
116,72,21193C108
152,76,21193C109
208,68,21193C110
110,79,21193C111
243,129,21193C114
665,400,21195AB
172,101,21195A101
260,199,21195A102
308,169,21195A103
528,281,21195A104
147,169,21195A105
496,311,21195A106
300,164,21195A107
335,153,21195A108
163,77,21195A109
250,118,21195A110
376,221,21195B101
486,306,21195B102
388,215,21195B103
243,161,21195B104
419,180,21195B105
273,184,21195B106
243,157,21195B107
173,124,21195C101
85,121,21195C102
233,256,21195C103
112,74,21195C104
231,151,21195C105
99,77,21195C106
100,54,21195C107
164,188,21195C108
150,125,21195C109
69,67,21195C110
393,228,21195C111
100,46,21195C112
365,271,21195D101
265,161,21195D102
265,193,21195D103
165,58,21195D104
200,82,21195D105
208,112,21195D106
112,56,21195D107
167,96,21195D108
72,50,21195D109
146,76,21195D110
327,240,21195D111
222,159,21195E101
196,120,21195E102
421,278,21195E103
143,154,21195E104
200,174,21195E105
152,143,21195E106
358,218,21195E107
135,48,21195E108
141,100,21195E109
156,102,21195F101
159,94,21195F102
219,122,21195F103
510,328,21195F104
246,207,21195F105
230,159,21195F106
218,110,21195F107
462,306,21195F108
1366,544,21199AB
140,67,21199A101
586,193,21199A102
651,220,21199A103
180,73,21199A104
141,98,21199A105
986,325,21199A106
832,291,21199A108
228,83,21199A110
89,27,21199A111
149,45,21199A112
261,98,21199B101
117,26,21199B102
204,58,21199B103
219,82,21199B104
469,146,21199B105
394,117,21199B106
177,122,21199B107
205,109,21199B108
337,85,21199B109
505,174,21199B110
257,94,21199B111
306,94,21199B112
147,51,21199B113
149,72,21199C101
625,211,21199C102
308,208,21199C103
603,294,21199C104
678,208,21199C105
551,185,21199C106
744,221,21199C110
177,85,21199C111
137,20,21199C112
60,25,21199C113
199,130,21199D101
208,69,21199D102
242,78,21199D103
389,100,21199D104
413,176,21199D105
340,72,21199D106
133,52,21199D107
244,107,21199D108
326,104,21199D109
636,200,21199D110
226,90,21199D111
119,72,21199D113
133,120,21199D115
176,99,21199E101
745,296,21199E103
305,178,21199E104
561,220,21199E105
107,39,21199E107
443,214,21199E108
200,75,21199E109
80,51,21199E110
541,264,21199E111
227,91,21199E112
659,192,21203A101
306,85,21203A102
303,82,21203B101
441,174,21203B102
527,171,21203C101
473,150,21203C102
145,34,21203C103
519,204,21203D101
290,88,21203D102
77,39,21203D103
291,102,21203E101
252,78,21203E102
193,52,21203E103
58,23,21203E104
111,36,21203E105
136,55,21203ABSENTEE MACHINE
108,49,21203ABSENTEE PAPER
295,285,21205AB
84,182,21205A101
347,292,21205A102
42,92,21205A103
60,115,21205A105
396,396,21205A106
126,138,21205B102
259,375,21205B104
306,366,21205B105
555,457,21205B106
300,371,21205C101
129,176,21205C102
67,121,21205C103
185,140,21205C104
220,214,21205C106
66,108,21205D101
227,264,21205D102
332,320,21205D103
127,213,21205D104
468,151,21207AB
297,154,21207A101
314,139,21207A102
415,138,21207A103
304,115,21207B101
278,89,21207B102
462,155,21207B103
449,149,21207C101
233,124,21207C102
377,96,21207C103
143,78,21207C104
410,116,21207D101
422,93,21207D102
339,89,21207D103
500,184,21207E101
219,101,21207E102
274,90,21207E103
760,611,21209AB
352,221,21209A100
260,118,21209A102
209,145,21209A104
519,342,21209A106
298,195,21209A110
220,123,21209A112
41,35,21209A114
201,190,21209A116
375,293,21209B101
316,202,21209B103
268,184,21209B105
179,157,21209B109
294,201,21209B111
305,232,21209B113
376,239,21209C108
237,224,21209C110
381,276,21209C112
197,214,21209C114
394,272,21209C116
400,348,21209C118
401,290,21209D111
681,410,21209D113
277,238,21209D115
363,296,21209D119
298,195,21209D121
346,326,21209D123
166,159,21209E118
126,138,21209E120
103,284,21209E122
172,198,21209E124
197,223,21209E126
156,137,21209E128
389,299,21209F117
147,178,21209F119
285,268,21209F121
197,243,21209F123
112,102,21209F125
435,292,21209F127
272,231,21209F129
142,188,21209F131
135,199,21209G128
179,222,21209G130
381,315,21209G132
411,256,21209G134
387,324,21209G136
0,0,21209G138
705,443,21211AB
477,240,21211A101
231,294,21211A102
286,165,21211A103
324,152,21211A104
275,203,21211A105
437,215,21211B101
461,263,21211B102
178,110,21211B103
563,398,21211B104
356,217,21211B105
441,313,21211C101
360,242,21211C102
327,250,21211C103
398,221,21211C104
347,262,21211C105
256,155,21211D101
412,237,21211D102
325,255,21211D103
295,155,21211D104
338,218,21211D105
448,396,21211E101
391,181,21211E102
405,257,21211E103
270,125,21211E104
104,30,21211E105
543,243,21211F101
518,312,21211F102
309,162,21211F103
209,116,21211F104
494,135,21211F105
258,292,21211G101
205,170,21211G102
350,304,21211G103
181,280,21211G104
270,163,21213AB
554,201,21213A101
422,141,21213A102
257,168,21213A103
429,199,21213B101
151,152,21213B102
477,241,21213B103
205,106,21213C101
209,158,21213C103
888,369,21213C104
184,92,21213D101
290,122,21213D102
148,282,21213D103
335,224,21213D104
82,29,21215AB2
252,97,21215AB4
1038,536,21215A101
622,316,21215B101
610,244,21215B102
703,268,21215C101
949,398,21215C102
199,93,21215D101
315,169,21215D102
109,60,21215D103
79,42,21215D104
296,138,21215D105
13,15,21215D106
407,194,21215E101
415,211,21215E102
358,179,21215E103
487,217,21217AB
268,95,21217A101
282,136,21217A102
611,330,21217A104
358,168,21217B101
407,255,21217B102
66,105,21217B103
221,143,21217B104
138,51,21217C101
138,44,21217C103
216,158,21217C104
522,289,21217C105
145,35,21217D101
608,276,21217D102
412,244,21217D104
618,284,21217E101
242,181,21217E102
276,139,21217E103
282,126,21217F101
572,317,21217F102
407,268,21217F103
185,59,21219AB
235,44,21219A101
270,76,21219A102
210,49,21219A103
334,63,21219B101
264,52,21219B102
95,15,21219B103
71,18,21219B104
355,164,21219C101
346,89,21219C102
79,50,21219D101
617,207,21219D102
229,87,21219E101
224,197,21219E102
337,142,21221AB
540,240,21221A101
71,25,21221A102
294,106,21221B101
470,190,21221B102
515,278,21221C101
345,164,21221D101
28,6,21221D102
117,75,21221D103
296,119,21221E101
227,53,21221E102
127,56,21221E104
200,47,21221F101
561,160,21221F102
376,130,21221G101
246,120,21221G102
171,79,21223AB
157,103,21223A101
162,73,21223A102
241,146,21223A103
132,111,21223B101
241,151,21223B103
158,106,21223B104
110,110,21223C101
171,117,21223C103
269,139,21223C104
165,83,21223D101
157,89,21223D102
192,127,21223D103
233,147,21225AB
365,154,21225A101
186,173,21225A103
207,122,21225A104
257,137,21225B101
248,156,21225B102
135,131,21225B103
299,141,21225C101
192,112,21225C102
184,102,21225C103
125,53,21225C104
250,155,21225E102
265,110,21225E103
224,106,21225E104
295,216,21225F101
104,72,21225F102
271,215,21225F103
6,5,21229AB1
168,97,21229AB2
214,92,21229A101
340,110,21229A102
86,35,21229A103
271,107,21229B101
379,216,21229B102
124,58,21229C101
229,114,21229C102
133,80,21229C103
196,199,21229D101
169,218,21229D102
137,122,21229E101
293,247,21229E102
220,164,21229F101
400,327,21229F102
407,203,21231AB
165,132,21231A101
112,95,21231A102
365,181,21231A103
191,82,21231A106
124,77,21231A107
307,182,21231B101
230,78,21231B102
347,133,21231B103
275,80,21231B106
139,64,21231B109
267,101,21231D104
250,99,21231D105
220,142,21231D106
233,66,21231D107
185,122,21231D110
516,266,21231G101
82,56,21231G103
371,159,21231G104
372,216,21231G106
195,111,21233AB
410,184,21233A101
220,116,21233A102
329,151,21233A103
243,80,21233A104
143,85,21233A105
149,111,21233B101
334,179,21233B102
188,112,21233B103
168,93,21233B104
278,146,21233B105
345,253,21233C101
210,97,21233C102
234,167,21233C103
266,111,21233C104
598,208,21235AB
51,27,21235A101
339,123,21235A103
279,95,21235A104
178,68,21235A105
317,126,21235A106
164,93,21235A107
471,208,21235A109
200,50,21235A111
501,231,21235B101
132,37,21235B102
98,49,21235B104
365,148,21235B105
413,167,21235B106
428,165,21235B107
97,63,21235B108
123,59,21235B109
421,177,21235B110
84,28,21235C101
85,54,21235C102
51,3,21235C103
230,112,21235C104
109,35,21235C105
213,62,21235C106
276,115,21235C107
198,54,21235C108
99,52,21235C109
111,59,21235C110
198,77,21235C111
164,39,21235C112
96,46,21235C113
130,32,21235C114
498,205,21235D101
467,198,21235D102
595,207,21235D104
351,130,21235D105
618,193,21235D106
413,424,21239AB
303,309,21239A101
316,489,21239A102
233,254,21239B101
161,181,21239B102
130,222,21239B103
438,399,21239C101
317,406,21239C102
480,446,21239D101
322,347,21239D102
246,392,21239E101
216,322,21239E102
510,349,21239F101
480,469,21239F102
402,384,21239G101
398,298,21239G102
393,249,21239G103
315,221,21239H101
320,305,21239H102
445,290,21239H103
